date,date_display,upper_bound,lower_bound,queue,demand,default_aht,default_occupancy,default_shrinkage,default_contracted_hours,default_opening_fte,budget_fte,work_type,concurrency,weekly_open_hours,target_service_level,target_answer_seconds,default_attrition,aht_seconds,occupancy,shrinkage,contracted_hours_per_week,base_layer,growth_layer,seasonality_layer,transformation_layer,operational_layer,resolved_forecast,resolved_demand,budgeted_fte_new,budgeted_fte,ai_deflection,demand_change,productivity_gain,aht_change,occupancy_change,shrinkage_change,effective_aht,effective_productive_hours,workload_hours,net_requirement,gross_requirement,average_interval_volume,erlang_uplift,requirement_vs_budget,available_supply,new_hires,manual_attrition,structural_attrition,total_attrition,attrition,productive_supply,fte_gap,budget_variance,repeat_demand
04/05/2026,04/05/2026,16104,13766,billing,14935,350,85,27,37.5,100,110,call,1,84,80,20,18,350,0.91,0.23,37.5,14935.0,14935.0,14935.0,14262.925,14262.925,14262.925,14262.925,110,139.3,0.15,-0.05,0.05,-20.0,3.0,-2.0,330.0,30.31875,1307.43,84.75,84.75,84.8983630952381,1.7884717855727557,-25.25,100.0,0.0,0.0,0.0,0.0,0.0,100.0,15.25,-10.0,0.0
04/05/2026,04/05/2026,10665,8590,sales,9627,400,88,24,37.5,80,75,call,1,84,80,20,24,400,0.88,0.24,37.5,9627.0,9627.0,9627.0,9290.055,9290.055,9290.055,9290.055,75,105.0,0.0,0.0,0.0,0.0,0.0,0.0,400.0,28.5,1032.23,73.07,73.07,55.29794642857143,1.7752671446855364,-1.93,80.0,0.0,0.0,0.0,0.0,0.0,80.0,6.93,5.0,0.0
04/05/2026,04/05/2026,4536,3839,complaints,4187,760,78,34,37.5,58,60,call,1,84,90,10,25,760,0.78,0.34,37.5,4187.0,4187.0,4187.0,4040.455,4040.455,4040.455,4040.455,60,73.8,0.0,0.0,0.0,0.0,0.0,0.0,760.0,24.749999999999996,852.98,78.15,78.15,24.050327380952385,1.768811576138234,18.15,58.0,0.0,0.0,0.0,0.0,0.0,58.0,-20.15,-2.0,0.0
04/05/2026,04/05/2026,5923,5168,retentions,5546,550,82,30,37.5,65,70,call,1,84,75,30,20,550,0.82,0.3,37.5,5546.0,5546.0,5546.0,5351.89,5351.89,5351.89,5351.89,70,86.7,0.0,0.0,0.0,0.0,0.0,0.0,550.0,26.25,817.65,61.27,61.27,31.8564880952381,1.6130206090964274,-8.73,65.0,0.0,0.0,0.0,0.0,0.0,65.0,3.73,-5.0,0.0
11/05/2026,11/05/2026,4183,3486,complaints,3835,760,78,34,37.5,58,60,call,1,84,90,10,25,760,0.78,0.34,37.5,3835.0,3835.7375,3835.7375,3682.307999999999,3682.307999999999,3682.307999999999,3761.6568497353032,60,74.9,0.0,0.0,0.0,0.0,0.0,0.0,760.0,24.749999999999996,777.38,71.83,71.83,21.9185,1.7837184205594934,11.83,58.0,0.0,0.0,0.0,0.0,0.0,58.0,-13.83,-2.0,79.34884973530387
11/05/2026,11/05/2026,12530,10456,sales,11493,400,88,24,37.5,80,75,call,1,84,80,20,24,400,0.88,0.24,37.5,11493.0,11510.681538461538,11510.681538461538,11050.254276923077,11050.254276923077,11050.254276923077,11050.254276923077,75,104.7,0.0,0.0,0.0,0.0,0.0,0.0,400.0,28.5,1227.81,85.75,85.75,65.77532307692307,1.7515620677171682,10.75,80.0,0.0,0.0,0.0,0.0,0.0,80.0,-5.75,5.0,0.0
11/05/2026,11/05/2026,6130,5375,retentions,5753,550,82,30,37.5,65,70,call,1,84,75,30,20,550,0.82,0.3,37.5,5753.0,5755.212692307692,5755.212692307692,5525.0041846153845,5525.0041846153845,5525.0041846153845,5525.0041846153845,70,89.5,0.0,0.0,0.0,0.0,0.0,0.0,550.0,26.25,844.1,63.06,63.06,32.88692967032967,1.6079592329795798,-6.94,65.0,0.0,0.0,0.0,0.0,0.0,65.0,1.94,-5.0,0.0
11/05/2026,11/05/2026,17580,15241,billing,16411,350,85,27,37.5,100,110,call,1,84,80,20,18,350,0.91,0.23,37.5,16411.0,16426.779807692306,16426.779807692306,15572.587257692308,15572.587257692308,15572.587257692308,15572.587257692308,110,140.7,0.15,-0.05,0.05,-20.0,3.0,-2.0,330.0,30.31875,1427.49,91.97,91.97,92.693971771978,1.77757918743086,-18.03,100.0,0.0,0.0,0.0,0.0,0.0,100.0,8.03,-10.0,0.0
18/05/2026,18/05/2026,6264,5509,retentions,5887,550,82,30,37.5,65,70,call,1,84,75,30,20,550,0.82,0.3,37.5,5887.0,5891.528461538462,5891.528461538462,5626.409680769231,5626.409680769231,5626.409680769231,5626.409680769231,70,90.7,0.0,0.0,0.0,0.0,0.0,0.0,550.0,26.25,859.59,64.1,64.1,33.49053381410257,1.6051035263762112,-5.9,65.0,0.0,0.0,0.0,0.0,0.0,65.0,0.9,-5.0,0.0
18/05/2026,18/05/2026,17438,15099,billing,16268,350,85,27,37.5,100,110,call,1,84,80,20,18,350,0.91,0.23,37.5,16268.0,16299.284615384617,16299.284615384617,15337.626823076922,15337.626823076922,15337.626823076922,15337.626823076922,110,140.9,0.15,-0.05,0.05,-20.0,3.0,-2.0,330.0,30.31875,1405.95,90.68,90.68,91.29539775641024,1.7794301870223486,-19.32,99.0,0.0,0.0,1.0,1.0,1.0,99.0,8.32,-11.0,0.0
18/05/2026,18/05/2026,3855,3158,complaints,3507,760,78,34,37.5,58,60,call,1,84,90,10,25,760,0.78,0.34,37.5,3507.0,3508.3488461538464,3508.3488461538464,3350.4731480769233,3350.4731480769233,3350.4731480769233,3398.1431209590523,60,73.8,0.0,0.0,0.0,0.0,0.0,0.0,760.0,24.749999999999996,707.32,65.94,65.94,19.94329254807693,1.799612500024135,5.94,58.0,0.0,0.0,0.0,0.0,0.0,58.0,-7.94,-2.0,47.66997288212898
18/05/2026,18/05/2026,11908,9833,sales,10871,400,88,24,37.5,80,75,call,1,84,80,20,24,400,0.9,0.2299999999999999,37.5,10871.0,10904.449230769227,10904.449230769227,10413.749015384614,10413.749015384614,10413.749015384614,10442.53056047944,75,108.0,0.0,0.1,0.03,-15.0,2.0,-1.0,385.0,29.74125,1113.69,74.67,74.67,61.986601282051275,1.7946356903727123,-0.33,79.0,0.0,0.0,1.0,1.0,1.0,79.0,4.33,4.0,28.781545094826996
25/05/2026,25/05/2026,3507,2810,complaints,3159,760,78,34,37.5,58,60,call,1,84,90,10,25,760,0.78,0.34,37.5,3159.0,3160.8225,3160.8225,3002.7813749999996,3002.7813749999996,3002.7813749999996,3024.0794457193742,60,77.3,0.0,0.0,0.0,0.0,0.0,0.0,760.0,24.749999999999996,633.92,59.73,59.73,17.873698660714282,1.8190174814401632,-0.27,57.0,0.0,0.0,1.0,1.0,1.0,57.0,-2.73,-3.0,21.298070719374845
25/05/2026,25/05/2026,11251,9176,sales,10214,400,88,24,37.5,80,75,call,1,84,80,20,24,400,0.9,0.2299999999999999,37.5,10214.0,10261.14153846154,10261.14153846154,9748.084461538465,9748.084461538465,9748.084461538465,9748.084461538465,75,109.1,0.0,0.1,0.03,-15.0,2.0,-1.0,385.0,29.74125,1042.5,70.26,70.26,58.02431227106228,1.80385783557788,-4.74,79.0,0.0,0.0,0.0,0.0,0.0,79.0,8.74,4.0,0.0
25/05/2026,25/05/2026,16668,14329,billing,15499,350,85,27,37.5,100,110,call,1,84,80,20,18,350,0.91,0.23,37.5,15499.0,15543.708653846154,15543.708653846154,14533.367591346154,14533.367591346154,14533.367591346154,14533.367591346154,110,133.3,0.15,-0.05,0.05,-20.0,3.0,-2.0,330.0,30.31875,1332.23,86.24,86.24,86.50814042467948,1.7861023599236208,-23.76,99.0,0.0,0.0,0.0,0.0,0.0,99.0,12.76,-11.0,0.0
25/05/2026,25/05/2026,5929,5173,retentions,5551,550,82,30,37.5,65,70,call,1,84,75,30,20,550,0.82,0.3,37.5,5551.0,5557.405,5557.405,5279.53475,5279.53475,5279.53475,5279.53475,70,88.6,0.0,0.0,0.0,0.0,0.0,0.0,550.0,26.25,806.6,60.53,60.53,31.42580208333333,1.615209479068001,-9.47,64.0,0.0,0.0,1.0,1.0,1.0,64.0,3.47,-6.0,0.0
01/06/2026,01/06/2026,11631,9556,sales,10594,400,88,24,37.5,80,75,call,1,84,80,20,24,400,0.9,0.2299999999999999,37.5,10594.0,10659.193846153848,10659.193846153848,10072.938184615385,10072.938184615385,10072.938184615385,10072.938184615385,75,106.0,0.0,0.1,0.03,-15.0,2.0,-1.0,385.0,29.74125,1077.24,72.41,72.41,59.957965384615385,1.7992430958918442,-2.59,79.0,0.0,0.0,0.0,0.0,0.0,79.0,6.59,4.0,0.0
01/06/2026,01/06/2026,16719,14380,billing,15549,350,85,27,37.5,100,110,call,1,84,80,20,18,350,0.91,0.23,37.5,15549.0,15608.803846153844,15608.803846153844,14484.969969230768,13760.72147076923,13760.72147076923,13760.72147076923,110,141.1,0.15,-0.05,0.05,-20.0,3.0,-2.0,330.0,30.31875,1261.4,81.98,81.98,81.90905637362637,1.7930556197476857,-28.02,99.0,0.0,0.0,0.0,0.0,0.0,99.0,17.02,-11.0,0.0
01/06/2026,01/06/2026,5908,5153,retentions,5530,550,82,30,37.5,65,70,call,1,84,75,30,20,550,0.82,0.3,37.5,5530.0,5538.507692307692,5538.507692307692,5233.889769230769,5757.278746153846,5757.278746153846,6333.006620769232,70,92.1,0.0,0.0,0.0,0.0,0.0,0.0,550.0,26.25,879.58,65.44,65.44,34.26951634615385,1.6015301980491472,-4.56,64.0,0.0,0.0,0.0,0.0,0.0,64.0,-1.44,-6.0,0.0
01/06/2026,01/06/2026,3884,3187,complaints,3535,760,78,34,37.5,58,60,call,1,84,90,10,25,760,0.78,0.34,37.5,3535.0,3537.719230769231,3537.719230769231,3343.1446730769235,3343.1446730769235,3343.1446730769235,3347.577080299082,60,74.9,0.0,0.0,0.0,0.0,0.0,0.0,760.0,24.749999999999996,705.77,65.81,65.81,19.89967067307693,1.799990004115421,5.81,57.0,0.0,0.0,0.0,0.0,0.0,57.0,-8.81,-3.0,4.432407222158397
08/06/2026,08/06/2026,4051,3355,complaints,3703,760,78,34,37.5,58,60,call,1,84,90,10,25,760,0.78,0.34,37.5,3703.0,3706.560576923077,3706.560576923077,3484.1669423076924,3484.1669423076924,3484.1669423076924,3508.762001449279,60,74.4,0.0,0.0,0.0,0.0,0.0,0.0,760.0,24.749999999999996,735.55,68.31,68.31,20.739088942307692,1.7929361245991828,8.31,57.0,0.0,0.0,0.0,0.0,0.0,57.0,-11.31,-3.0,24.595059141586596
08/06/2026,08/06/2026,16034,13695,billing,14864,350,85,27,37.5,100,110,call,1,84,80,20,18,350,0.91,0.23,37.5,14864.0,14935.46153846154,14935.46153846154,13770.49553846154,13081.97076153846,13081.97076153846,13081.97076153846,110,134.2,0.15,-0.05,0.05,-20.0,3.0,-2.0,330.0,30.31875,1199.18,78.22,78.22,77.86887358058608,1.7996655018883263,-31.78,98.0,0.0,0.0,1.0,1.0,1.0,98.0,19.78,-12.0,0.0
08/06/2026,08/06/2026,12045,9970,sales,11008,400,88,24,37.5,80,75,call,1,84,80,20,24,400,0.9,0.2299999999999999,37.5,11008.0,11092.676923076922,11092.676923076922,10427.116307692308,10427.116307692308,10427.116307692308,10427.116307692308,75,108.5,0.0,0.1,0.03,-15.0,2.0,-1.0,385.0,29.74125,1115.12,74.76,74.76,62.066168498168494,1.794459596006214,-0.24,78.0,0.0,0.0,1.0,1.0,1.0,78.0,3.24,3.0,0.0
08/06/2026,08/06/2026,5688,4933,retentions,5311,550,82,30,37.5,65,70,call,1,84,75,30,20,550,0.82,0.3,37.5,5311.0,5321.213461538461,5321.213461538461,5001.9406538461535,5502.134719230769,5502.134719230769,6055.449035763192,70,78.3,0.0,0.0,0.0,0.0,0.0,0.0,550.0,26.25,840.6,62.82,62.82,32.75080190018315,1.6086141517811772,-7.18,64.0,0.0,0.0,0.0,0.0,0.0,64.0,1.18,-6.0,3.1008446093458284
15/06/2026,15/06/2026,6026,5271,retentions,5649,550,82,30,37.5,65,70,call,1,84,75,30,20,550,0.82,0.3,37.5,5649.0,5662.036153846154,5662.036153846154,5294.0038038461535,5823.40418423077,5823.40418423077,6405.744602653847,70,88.9,0.0,0.0,0.0,0.0,0.0,0.0,550.0,26.25,889.69,66.12,66.12,34.663120144230774,1.5997706517379675,-3.88,64.0,0.0,0.0,0.0,0.0,0.0,64.0,-2.12,-6.0,0.0
15/06/2026,15/06/2026,4160,3463,complaints,3812,760,78,34,37.5,58,60,call,1,84,90,10,25,760,0.78,0.34,37.5,3812.0,3816.398461538461,3816.398461538461,3568.332561538461,3568.332561538461,3568.332561538461,3601.4781250263227,60,73.2,0.0,0.0,0.0,0.0,0.0,0.0,760.0,24.749999999999996,753.31,69.81,69.81,21.240074771062268,1.7889269231095724,9.81,57.0,0.0,0.0,0.0,0.0,0.0,57.0,-12.81,-3.0,33.145563487861736
15/06/2026,15/06/2026,12687,10612,sales,11649,400,88,24,37.5,80,75,call,1,84,80,20,24,400,0.9,0.2299999999999999,37.5,11649.0,11756.52923076923,11756.52923076923,10992.35483076923,10992.35483076923,10992.35483076923,10992.35483076923,75,107.7,0.0,0.1,0.03,-15.0,2.0,-1.0,385.0,29.74125,1175.57,78.5,78.5,65.43068351648351,1.7873099712663203,3.5,78.0,0.0,0.0,0.0,0.0,0.0,78.0,-0.5,3.0,0.0
15/06/2026,15/06/2026,16771,14432,billing,15602,350,85,27,37.5,100,110,call,1,84,80,20,18,350,0.91,0.23,37.5,15602.0,15692.011538461538,15692.011538461538,14358.190557692307,12958.266978317306,12958.266978317306,12310.35362940144,110,137.7,0.15,-0.05,0.05,-20.0,3.0,-2.0,330.0,30.31875,1187.84,77.54,77.54,77.13254153760302,1.8009257922395971,-32.46,98.0,0.0,0.0,0.0,0.0,0.0,98.0,20.46,-12.0,0.0
22/06/2026,22/06/2026,16803,14464,billing,15633,350,85,27,37.5,100,110,call,1,84,80,20,18,350,0.91,0.23,37.5,15633.0,15738.222115384617,15738.222115384617,14306.043902884616,12911.204622353363,12911.204622353363,12265.644391235695,110,133.8,0.15,-0.05,0.05,-20.0,3.0,-2.0,330.0,30.31875,1183.53,77.27,77.27,76.85240846638908,1.8014100115968368,-32.73,98.0,0.0,0.0,0.0,0.0,0.0,98.0,20.73,-12.0,0.0
22/06/2026,22/06/2026,11122,9047,sales,10084,400,88,24,37.5,80,75,call,1,84,80,20,24,400,0.9,0.2299999999999999,37.5,10084.0,10192.596923076924,10192.596923076924,9479.11513846154,9479.11513846154,9479.11513846154,9479.953309246876,75,110.4,0.0,0.1,0.03,-15.0,2.0,-1.0,385.0,29.74125,1013.74,68.47,68.47,56.4233043956044,1.8078568902978969,-6.53,78.0,0.0,0.0,0.0,0.0,0.0,78.0,9.53,3.0,0.8381707853361048
22/06/2026,22/06/2026,5706,4951,retentions,5329,550,82,30,37.5,65,70,call,1,84,75,30,20,550,0.82,0.3,37.5,5329.0,5343.347307692308,5343.347307692308,4969.312996153847,5466.244295769232,5466.244295769232,6018.3852479550715,70,83.2,0.0,0.0,0.0,0.0,0.0,0.0,550.0,26.25,835.12,62.45,62.45,32.53716842719781,1.6096502295651876,-7.55,64.0,0.0,0.0,0.0,0.0,0.0,64.0,1.55,-6.0,5.516522608915296
22/06/2026,22/06/2026,4316,3620,complaints,3968,760,78,34,37.5,58,60,call,1,84,90,10,25,760,0.78,0.34,37.5,3968.0,3973.341538461538,3973.341538461538,3695.207630769231,3695.207630769231,3695.207630769231,3737.6714720524287,60,75.0,0.0,0.0,0.0,0.0,0.0,0.0,760.0,24.749999999999996,780.1,72.06,72.06,21.99528351648352,1.7831441560235426,12.06,56.0,0.0,0.0,1.0,1.0,1.0,56.0,-16.06,-4.0,42.46384128319776
29/06/2026,29/06/2026,4525,3828,complaints,4176,760,78,34,37.5,58,60,call,1,84,90,10,25,760,0.78,0.34,37.5,4176.0,4182.424615384615,4182.424615384615,3868.742769230769,3868.742769230769,3868.742769230769,3927.731535016775,60,74.1,0.0,0.0,0.0,0.0,0.0,0.0,760.0,24.749999999999996,816.73,75.12,75.12,23.02823076923077,1.7757001550843912,15.12,56.0,0.0,0.0,0.0,0.0,0.0,56.0,-19.12,-4.0,58.98876578600592
29/06/2026,29/06/2026,17928,15589,billing,16759,350,85,27,37.5,100,110,call,1,84,80,20,18,350,0.91,0.23,37.5,16759.0,16887.915384615386,16887.915384615386,15232.899676923078,14471.254693076924,14471.254693076924,14471.254693076924,110,137.2,0.15,-0.05,0.05,-20.0,3.0,-2.0,330.0,30.31875,1326.53,85.9,85.9,86.13842079212455,1.7866406683018985,-24.1,97.0,0.0,0.0,1.0,1.0,1.0,97.0,11.1,-13.0,0.0
29/06/2026,29/06/2026,10731,8656,sales,9693,400,88,24,37.5,80,75,call,1,84,80,20,24,400,0.9,0.2299999999999999,37.5,9693.0,9812.29846153846,9812.29846153846,9076.376076923076,9076.376076923076,9076.376076923076,9076.376076923076,75,107.2,0.0,0.1,0.03,-15.0,2.0,-1.0,385.0,29.74125,970.67,65.79,65.79,54.02604807692307,1.8141740011018732,-9.21,77.0,0.0,0.0,1.0,1.0,1.0,77.0,11.21,2.0,0.0
29/06/2026,29/06/2026,5693,4937,retentions,5315,550,82,30,37.5,65,70,call,1,84,75,30,20,550,0.82,0.3,37.5,5315.0,5331.353846153846,5331.353846153846,4931.502307692307,5424.652538461538,5424.652538461538,5967.117792307692,70,87.5,0.0,0.0,0.0,0.0,0.0,0.0,550.0,26.25,828.77,62.02,62.02,32.28959844322344,1.610863731042256,-7.98,63.0,0.0,0.0,1.0,1.0,1.0,63.0,0.98,-7.0,0.0
06/07/2026,06/07/2026,4427,3730,complaints,4079,760,78,34,37.5,58,60,call,1,84,90,10,25,760,0.78,0.34,37.5,4079.0,4086.059807692308,4086.059807692308,3759.175023076923,3759.175023076923,3759.175023076923,3834.8289573287825,60,72.8,0.0,0.0,0.0,0.0,0.0,0.0,760.0,24.749999999999996,793.6,73.19,73.19,22.376041804029303,1.7803402709661391,13.19,56.0,0.0,0.0,0.0,0.0,0.0,56.0,-17.19,-4.0,75.65393425185952
06/07/2026,06/07/2026,5948,5193,retentions,5571,550,82,30,37.5,65,70,call,1,84,75,30,20,550,0.82,0.3,37.5,5571.0,5590.284230769231,5590.284230769231,5143.061492307692,5143.061492307692,5143.061492307692,5143.061492307692,70,88.5,0.0,0.0,0.0,0.0,0.0,0.0,550.0,26.25,785.75,59.12,59.12,30.613461263736266,1.6194630607366345,-10.88,63.0,0.0,0.0,0.0,0.0,0.0,63.0,3.88,-7.0,0.0
06/07/2026,06/07/2026,16978,14639,billing,15808,350,85,27,37.5,100,110,call,1,84,80,20,18,350,0.91,0.23,37.5,15808.0,15944.8,15944.8,14286.5408,13572.21376,13572.21376,13572.21376,110,137.3,0.15,-0.05,0.05,-20.0,3.0,-2.0,330.0,30.31875,1244.12,80.93,80.93,80.78698666666666,1.7948415378664044,-29.07,97.0,0.0,0.0,0.0,0.0,0.0,97.0,16.07,-13.0,0.0
06/07/2026,06/07/2026,10378,8304,sales,9341,400,88,24,37.5,80,75,call,1,84,80,20,24,400,0.9,0.2299999999999999,37.5,9341.0,9470.336923076922,9470.336923076922,8712.709969230767,9409.72676676923,9409.72676676923,9409.72676676923,75,106.3,0.0,0.1,0.03,-15.0,2.0,-1.0,385.0,29.74125,1006.32,68.01,68.01,56.01027837362637,1.8089162852228415,-6.99,77.0,0.0,0.0,0.0,0.0,0.0,77.0,8.99,2.0,0.0
13/07/2026,13/07/2026,5544,4789,retentions,5167,550,82,30,37.5,65,70,call,1,84,75,30,20,550,0.82,0.3,37.5,5167.0,5186.873076923077,5186.873076923077,4745.988865384616,4745.988865384616,4745.988865384616,4745.988865384616,70,87.0,0.0,0.0,0.0,0.0,0.0,0.0,550.0,26.25,725.08,55.0,55.0,28.249933722527473,1.6328660159459176,-15.0,63.0,0.0,0.0,0.0,0.0,0.0,63.0,8.0,-7.0,0.0
13/07/2026,13/07/2026,15617,13278,billing,14448,350,85,27,37.5,100,110,call,1,84,80,20,18,350,0.91,0.23,37.5,14448.0,14586.923076923076,14586.923076923076,12967.774615384616,12319.385884615383,12319.385884615383,12319.385884615383,110,140.7,0.15,-0.05,0.05,-20.0,3.0,-2.0,330.0,30.31875,1129.28,73.99,73.99,73.32967788461538,1.8077340703033993,-36.01,97.0,0.0,0.0,0.0,0.0,0.0,97.0,23.01,-13.0,0.0
13/07/2026,13/07/2026,11206,9131,sales,10169,400,88,24,37.5,80,75,call,1,84,80,20,24,400,0.9,0.2299999999999999,37.5,10169.0,10325.446153846153,10325.446153846153,9447.78323076923,10203.605889230768,10203.605889230768,10203.605889230768,75,106.7,0.0,0.1,0.03,-15.0,2.0,-1.0,385.0,29.74125,1091.22,73.28,73.28,60.73574934065933,1.7974493366273798,-1.72,77.0,0.0,0.0,0.0,0.0,0.0,77.0,3.72,2.0,0.0
13/07/2026,13/07/2026,4171,3474,complaints,3823,760,78,34,37.5,58,60,call,1,84,90,10,25,760,0.78,0.34,37.5,3823.0,3830.351923076923,3830.351923076923,3504.7720096153844,3504.7720096153844,3504.7720096153844,3570.2466997074725,60,73.1,0.0,0.0,0.0,0.0,0.0,0.0,760.0,24.749999999999996,739.9,68.68,68.68,20.86173815247253,1.791941272268907,8.68,55.0,0.0,0.0,1.0,1.0,1.0,55.0,-13.68,-5.0,65.47469009208822
20/07/2026,20/07/2026,5409,4654,retentions,5032,550,82,30,37.5,65,70,call,1,84,75,30,20,550,0.82,0.3,37.5,5032.0,5053.289230769231,5053.289230769231,4598.4932,4598.4932,4598.4932,4598.4932,70,91.0,0.0,0.0,0.0,0.0,0.0,0.0,550.0,26.25,702.55,53.47,53.47,27.371983333333333,1.6382815162613182,-16.53,63.0,0.0,0.0,0.0,0.0,0.0,63.0,9.53,-7.0,0.0
20/07/2026,20/07/2026,11805,9730,sales,10768,400,88,24,37.5,80,75,call,1,84,80,20,24,400,0.9,0.2299999999999999,37.5,10768.0,10950.227692307692,10950.227692307692,9964.7072,10761.883776,10761.883776,10761.883776,75,109.1,0.0,0.1,0.03,-15.0,2.0,-1.0,385.0,29.74125,1150.92,76.97,76.97,64.058832,1.7901570963761753,1.97,76.0,0.0,0.0,1.0,1.0,1.0,76.0,-0.97,1.0,0.0
20/07/2026,20/07/2026,13563,11224,billing,12393,350,85,27,37.5,100,110,call,1,84,80,20,18,350,0.91,0.23,37.5,12393.0,12524.079807692307,12524.079807692307,11058.762470192309,10505.824346682692,10505.824346682692,10505.824346682692,110,137.7,0.15,-0.05,0.05,-20.0,3.0,-2.0,330.0,30.31875,963.03,63.89,63.89,62.53466873025412,1.8303376778480724,-46.11,96.0,0.0,0.0,1.0,1.0,1.0,96.0,32.11,-14.0,0.0
20/07/2026,20/07/2026,3470,2773,complaints,3122,760,78,34,37.5,58,60,call,1,84,90,10,25,760,0.78,0.34,37.5,3122.0,3128.6042307692305,3128.6042307692305,2847.02985,2847.02985,2847.02985,2894.6371116515834,60,75.3,0.0,0.0,0.0,0.0,0.0,0.0,760.0,24.749999999999996,601.04,56.94,56.94,16.94660625,1.8288419961694755,-3.06,55.0,0.0,0.0,0.0,0.0,0.0,55.0,-1.94,-5.0,47.6072616515836
27/07/2026,27/07/2026,5263,4507,retentions,4885,550,82,30,37.5,65,70,call,1,84,75,30,20,550,0.82,0.3,37.5,4885.0,4907.546153846154,4907.546153846154,4441.32926923077,4441.32926923077,4441.32926923077,4441.32926923077,70,90.4,0.0,0.0,0.0,0.0,0.0,0.0,550.0,26.25,678.54,51.84,51.84,26.43648374542125,1.6443463602394273,-18.16,62.0,0.0,0.0,1.0,1.0,1.0,62.0,10.16,-8.0,0.0
27/07/2026,27/07/2026,11337,9262,sales,10299,400,88,24,37.5,80,75,call,1,84,80,20,24,400,0.9,0.2299999999999999,37.5,10299.0,10489.135384615383,10489.135384615383,9492.667523076923,10252.080924923075,10252.080924923075,10254.364708408508,75,104.3,0.0,0.1,0.03,-15.0,2.0,-1.0,385.0,29.74125,1096.4,73.6,73.6,61.02429121978022,1.7967926259316964,-1.4,76.0,0.0,0.0,0.0,0.0,0.0,76.0,2.4,1.0,2.2837834854307713
27/07/2026,27/07/2026,13619,11280,billing,12450,350,85,27,37.5,100,110,call,1,84,80,20,18,350,0.91,0.23,37.5,12450.0,12593.653846153846,12593.653846153846,11044.634423076925,10492.402701923076,10492.402701923076,10492.402701923076,150,130.7,0.15,-0.05,0.05,-20.0,3.0,-2.0,330.0,30.31875,961.8,63.81,63.81,62.45477798763736,1.8305265121256196,-86.19,96.0,0.0,0.0,0.0,0.0,0.0,96.0,32.19,-54.0,0.0
27/07/2026,27/07/2026,3693,2996,complaints,3345,760,78,34,37.5,58,60,call,1,84,90,10,25,760,0.78,0.34,37.5,3345.0,3352.7192307692308,3352.7192307692308,3034.210903846154,3034.210903846154,3034.210903846154,3036.941527107688,60,75.1,0.0,0.0,0.0,0.0,0.0,0.0,760.0,24.749999999999996,640.56,60.29,60.29,18.06077918956044,1.8171272569215913,0.29,55.0,0.0,0.0,0.0,0.0,0.0,55.0,-5.29,-5.0,2.7306232615336734
03/08/2026,03/08/2026,5550,4795,retentions,5172,550,82,30,37.5,65,70,call,1,84,75,30,20,550,0.82,0.3,37.5,5172.0,5197.86,5197.86,4678.074,4537.731779999999,4537.731779999999,4537.731779999999,70,91.5,0.0,0.0,0.0,0.0,0.0,0.0,550.0,26.25,693.26,52.84,52.84,27.010308214285708,1.6405888705733356,-17.16,62.0,0.0,0.0,0.0,0.0,0.0,62.0,9.16,-8.0,0.0
03/08/2026,03/08/2026,11685,9610,sales,10648,400,88,24,37.5,80,75,call,1,84,80,20,24,400,0.9,0.2299999999999999,37.5,10648.0,10860.96,10860.96,9774.864,10556.853120000002,10556.853120000002,10556.853120000002,75,112.1,0.0,0.1,0.03,-15.0,2.0,-1.0,385.0,29.74125,1129.0,75.62,75.62,62.83841142857144,1.7927679181753924,0.62,75.0,0.0,0.0,1.0,1.0,1.0,75.0,-0.62,0.0,0.0
03/08/2026,03/08/2026,3931,3234,complaints,3583,760,78,34,37.5,58,60,call,1,84,90,10,25,760,0.78,0.34,37.5,3583.0,3591.9575,3591.9575,3232.76175,3232.76175,3232.76175,3244.6015201531136,60,76.7,0.0,0.0,0.0,0.0,0.0,0.0,760.0,24.749999999999996,682.47,63.84,63.84,19.242629464285717,1.8058304235949263,3.84,55.0,0.0,0.0,0.0,0.0,0.0,55.0,-8.84,-5.0,11.839770153113506
03/08/2026,03/08/2026,14650,12311,billing,13480,350,85,27,37.5,100,110,call,1,84,80,20,18,350,0.91,0.23,37.5,13480.0,13648.5,13648.5,11874.195,11280.48525,11280.48525,11280.48525,150,141.3,0.15,-0.05,0.05,-20.0,3.0,-2.0,330.0,30.31875,1034.04,68.21,68.21,67.14574553571428,1.820016519578946,-81.79,96.0,0.0,0.0,0.0,0.0,0.0,96.0,27.79,-54.0,0.0
10/08/2026,10/08/2026,6011,5256,retentions,5634,550,82,30,37.5,65,70,call,1,84,75,30,20,550,0.82,0.3,37.5,5634.0,5664.336923076923,5664.336923076923,5069.581546153846,4917.49409976923,4917.49409976923,4917.49409976923,70,86.5,0.0,0.0,0.0,0.0,0.0,0.0,550.0,26.25,751.28,56.78,56.78,29.270798212912084,1.6268779454062874,-13.22,62.0,0.0,0.0,0.0,0.0,0.0,62.0,5.22,-8.0,0.0
10/08/2026,10/08/2026,12088,10013,sales,11050,400,88,24,37.5,80,75,call,1,84,80,20,24,400,0.9,0.2299999999999999,37.5,11050.0,11288.0,11288.0,10102.76,10910.9808,10910.9808,10912.15639644181,75,105.5,0.0,0.1,0.03,-15.0,2.0,-1.0,385.0,29.74125,1166.87,77.96,77.96,64.9463142857143,1.7883049177344623,2.96,75.0,0.0,0.0,0.0,0.0,0.0,75.0,-2.96,0.0,1.1755964418077585
10/08/2026,10/08/2026,3776,3079,complaints,3427,760,78,34,37.5,58,60,call,1,84,90,10,25,760,0.78,0.34,37.5,3427.0,3436.226538461539,3436.226538461539,3075.422751923077,3075.422751923077,3075.422751923077,3100.5006831116934,60,76.8,0.0,0.0,0.0,0.0,0.0,0.0,760.0,24.749999999999996,649.26,61.03,61.03,18.306087809065936,1.8146927513045776,1.03,54.0,0.0,0.0,1.0,1.0,1.0,54.0,-7.03,-6.0,25.077931188616347
10/08/2026,10/08/2026,16249,13910,billing,15080,350,85,27,37.5,100,110,call,1,84,80,20,18,350,0.91,0.23,37.5,15080.0,15283.0,15283.0,13189.229,12529.76755,12529.76755,12529.76755,150,135.6,0.15,-0.05,0.05,-20.0,3.0,-2.0,330.0,30.31875,1148.56,75.16,75.16,74.58194970238094,1.8054347002534117,-74.84,95.0,0.0,0.0,1.0,1.0,1.0,95.0,19.84,-55.0,0.0
17/08/2026,17/08/2026,11863,9789,sales,10826,400,88,24,37.5,80,75,call,1,84,80,20,24,400,0.9,0.2299999999999999,37.5,10826.0,11075.830769230768,11075.830769230768,9857.489384615385,10646.088535384612,10646.088535384612,10658.198187355396,75,104.8,0.0,0.1,0.03,-15.0,2.0,-1.0,385.0,29.74125,1138.54,76.21,76.21,63.3695746153846,1.7916223434943528,1.21,75.0,0.0,0.0,0.0,0.0,0.0,75.0,-1.21,0.0,12.10965197078301
17/08/2026,17/08/2026,16989,14650,billing,15819,350,85,27,37.5,100,110,call,1,84,80,20,18,350,0.91,0.23,37.5,15819.0,16047.158653846152,16047.158653846152,13752.414966346152,13064.794218028845,13064.794218028845,13064.794218028845,150,134.5,0.15,-0.05,0.05,-20.0,3.0,-2.0,330.0,30.31875,1197.61,78.13,78.13,77.7666322501717,1.7998394252285088,-71.87,95.0,0.0,0.0,0.0,0.0,0.0,95.0,16.87,-55.0,0.0
17/08/2026,17/08/2026,3800,3103,complaints,3452,760,78,34,37.5,58,60,call,1,84,90,10,25,760,0.78,0.34,37.5,3452.0,3461.9576923076925,3461.9576923076925,3081.142346153846,3081.142346153846,3081.142346153846,3099.324319761359,60,73.8,0.0,0.0,0.0,0.0,0.0,0.0,760.0,24.749999999999996,650.46,61.13,61.13,18.340133012820512,1.8143587433307948,1.13,54.0,0.0,0.0,0.0,0.0,0.0,54.0,-7.13,-6.0,18.181973607513243
17/08/2026,17/08/2026,6461,5706,retentions,6083,550,82,30,37.5,65,70,call,1,84,75,30,20,550,0.82,0.3,37.5,6083.0,6118.09423076923,6118.09423076923,5445.103865384615,5281.750749423077,5281.750749423077,5281.750749423077,70,89.1,0.0,0.0,0.0,0.0,0.0,0.0,550.0,26.25,806.93,60.55,60.55,31.438992556089744,1.6151417743354168,-9.45,62.0,0.0,0.0,0.0,0.0,0.0,62.0,1.45,-8.0,0.0
24/08/2026,24/08/2026,16626,14287,billing,15456,350,85,27,37.5,100,110,call,1,84,80,20,18,350,0.91,0.23,37.5,15456.0,15693.784615384617,15693.784615384617,13339.716923076923,12672.731076923075,12672.731076923075,12672.731076923075,150,139.0,0.15,-0.05,0.05,-20.0,3.0,-2.0,330.0,30.31875,1161.67,75.95,75.95,75.43292307692307,1.8039049606516289,-74.05,95.0,0.0,0.0,0.0,0.0,0.0,95.0,19.05,-55.0,0.0
24/08/2026,24/08/2026,6276,5520,retentions,5898,550,82,30,37.5,65,70,call,1,84,75,30,20,550,0.82,0.3,37.5,5898.0,5934.295384615385,5934.295384615385,5251.851415384615,5094.295872923077,5094.295872923077,5094.295872923077,70,91.9,0.0,0.0,0.0,0.0,0.0,0.0,550.0,26.25,778.3,58.61,58.61,30.32318971978022,1.6210242755180937,-11.39,61.0,0.0,0.0,1.0,1.0,1.0,61.0,2.39,-9.0,0.0
24/08/2026,24/08/2026,3954,3257,complaints,3606,760,78,34,37.5,58,60,call,1,84,90,10,25,760,0.78,0.34,37.5,3606.0,3617.095384615384,3617.095384615384,3201.129415384615,3201.129415384615,3201.129415384615,3219.648136193563,60,71.8,0.0,0.0,0.0,0.0,0.0,0.0,760.0,24.749999999999996,675.79,63.28,63.28,19.05434175824176,1.8075595483846656,3.28,54.0,0.0,0.0,0.0,0.0,0.0,54.0,-9.28,-6.0,18.51872080894775
24/08/2026,24/08/2026,11777,9702,sales,10740,400,88,24,37.5,80,75,call,1,84,80,20,24,400,0.9,0.2299999999999999,37.5,10740.0,11004.36923076923,11004.36923076923,9738.86676923077,10517.976110769232,10517.976110769232,10521.174528348016,75,105.2,0.0,0.1,0.03,-15.0,2.0,-1.0,385.0,29.74125,1124.84,75.36,75.36,62.60700065934067,1.7932715616385144,0.36,74.0,0.0,0.0,1.0,1.0,1.0,74.0,-1.36,-1.0,3.198417578784251
31/08/2026,31/08/2026,5901,5146,retentions,5524,550,82,30,37.5,65,70,call,1,84,75,30,20,550,0.82,0.3,37.5,5524.0,5560.118461538462,5560.118461538462,4892.9042461538465,4746.117118769231,4746.117118769231,4746.117118769231,70,82.7,0.0,0.0,0.0,0.0,0.0,0.0,550.0,26.25,725.1,55.01,55.01,28.250697135531137,1.632861417093069,-14.99,61.0,0.0,0.0,0.0,0.0,0.0,61.0,5.99,-9.0,0.0
31/08/2026,31/08/2026,4014,3317,complaints,3665,760,78,34,37.5,58,60,call,1,84,90,10,25,760,0.78,0.34,37.5,3665.0,3676.981730769231,3676.981730769231,3235.7439230769232,3235.7439230769232,3235.7439230769232,3262.8659366799643,60,73.4,0.0,0.0,0.0,0.0,0.0,0.0,760.0,24.749999999999996,683.1,63.89,63.89,19.260380494505497,1.8056687176253157,3.89,54.0,0.0,0.0,0.0,0.0,0.0,54.0,-9.89,-6.0,27.12201360304105
31/08/2026,31/08/2026,16894,14555,billing,15724,350,85,27,37.5,100,110,call,1,84,80,20,18,350,0.91,0.23,37.5,15724.0,15981.026923076925,15981.026923076925,13487.986723076923,12813.587386923076,12813.587386923076,12813.587386923076,150,147.7,0.15,-0.05,0.05,-20.0,3.0,-2.0,330.0,30.31875,1174.58,76.73,76.73,76.27135349358974,1.8024228765073864,-73.27,94.0,0.0,0.0,1.0,1.0,1.0,94.0,17.27,-56.0,0.0
31/08/2026,31/08/2026,12053,9978,sales,11015,400,88,24,37.5,80,75,call,1,84,80,20,24,400,0.9,0.2299999999999999,37.5,11015.0,11303.084615384616,11303.084615384616,9946.714461538462,10742.45161846154,10742.45161846154,10746.277684940998,75,105.8,0.0,0.1,0.03,-15.0,2.0,-1.0,385.0,29.74125,1148.85,76.84,76.84,63.943164395604406,1.7904013312822222,1.84,74.0,0.0,0.0,0.0,0.0,0.0,74.0,-2.84,-1.0,3.8260664794579697
07/09/2026,07/09/2026,12163,10088,sales,11125,400,88,24,37.5,80,75,call,1,84,80,20,24,400,0.88,0.24,37.5,11125.0,11433.076923076924,11433.076923076924,10003.942307692309,10804.257692307694,10804.257692307694,10815.71139203676,75,112.1,0.0,0.0,0.0,0.0,0.0,0.0,400.0,28.5,1200.47,83.98,83.98,64.3110576923077,1.7545229946925591,8.98,74.0,0.0,0.0,0.0,0.0,0.0,74.0,-9.98,-1.0,11.453699729067203
07/09/2026,07/09/2026,3935,3238,complaints,3587,760,78,34,37.5,58,60,call,1,84,90,10,25,760,0.78,0.34,37.5,3587.0,3599.416538461538,3599.416538461538,3149.489471153846,3527.428207692308,3527.428207692308,3557.2363969029448,60,71.5,0.0,0.0,0.0,0.0,0.0,0.0,760.0,24.749999999999996,744.68,69.08,69.08,20.996596474358977,1.7908574648871984,9.08,53.0,0.0,0.0,1.0,1.0,1.0,53.0,-16.08,-7.0,29.808189210637135
07/09/2026,07/09/2026,5657,4902,retentions,5280,550,82,30,37.5,65,70,call,1,84,75,30,20,550,0.82,0.3,37.5,5280.0,5316.553846153846,5316.553846153846,4651.984615384616,4512.425076923077,4512.425076923077,4512.425076923077,70,87.9,0.0,0.0,0.0,0.0,0.0,0.0,550.0,26.25,689.4,52.58,52.58,26.859673076923077,1.6415635865367175,-17.42,61.0,0.0,0.0,0.0,0.0,0.0,61.0,8.42,-9.0,0.0
07/09/2026,07/09/2026,16609,14270,billing,15440,350,85,27,37.5,100,110,call,1,84,80,20,18,350,0.91,0.23,37.5,15440.0,15707.230769230768,15707.230769230768,13162.659384615385,13162.659384615385,13162.659384615385,13162.659384615385,150,137.3,0.15,-0.05,0.05,-20.0,3.0,-2.0,330.0,30.31875,1206.58,78.67,78.67,78.349163003663,1.798853039797262,-71.33,94.0,0.0,0.0,0.0,0.0,0.0,94.0,15.33,-56.0,0.0
14/09/2026,14/09/2026,4211,3514,complaints,3862,760,78,34,37.5,58,60,call,1,84,90,10,25,760,0.78,0.34,37.5,3862.0,3876.111153846154,3876.111153846154,3372.216703846154,3776.8827083076926,3776.8827083076926,3836.8072277034503,60,73.6,0.0,0.0,0.0,0.0,0.0,0.0,760.0,24.749999999999996,797.34,73.5,73.5,22.481444692307697,1.7795767058802772,13.5,53.0,0.0,0.0,0.0,0.0,0.0,53.0,-20.5,-7.0,59.92451939575834
14/09/2026,14/09/2026,5756,5001,retentions,5378,550,82,30,37.5,65,70,call,1,84,75,30,20,550,0.82,0.3,37.5,5378.0,5417.300769230769,5417.300769230769,4713.051669230769,4571.660119153846,4571.660119153846,4571.660119153846,70,85.4,0.0,0.0,0.0,0.0,0.0,0.0,550.0,26.25,698.45,53.19,53.19,27.212262614010985,1.6392948033629682,-16.81,61.0,0.0,0.0,0.0,0.0,0.0,61.0,7.81,-9.0,0.0
14/09/2026,14/09/2026,12022,9947,sales,10985,400,88,24,37.5,80,75,call,1,84,80,20,24,400,0.88,0.24,37.5,10985.0,11306.1,11306.1,9836.307,10623.21156,10623.21156,10689.674317435203,75,108.0,0.0,0.0,0.0,0.0,0.0,0.0,400.0,28.5,1180.36,82.68,82.68,63.233402142857145,1.7567675391116904,7.68,73.0,0.0,0.0,1.0,1.0,1.0,73.0,-9.68,-2.0,66.4627574352051
14/09/2026,14/09/2026,16670,14331,billing,15500,350,85,27,37.5,100,110,call,1,84,80,20,18,350,0.91,0.23,37.5,15500.0,15783.173076923076,15783.173076923076,13115.816826923075,13115.816826923075,13115.816826923075,13115.816826923075,150,144.5,0.15,-0.05,0.05,-20.0,3.0,-2.0,330.0,30.31875,1202.28,78.41,78.41,78.0703382554945,1.7993237895670668,-71.59,94.0,0.0,0.0,0.0,0.0,0.0,94.0,15.59,-56.0,0.0
21/09/2026,21/09/2026,16258,13919,billing,15088,350,85,27,37.5,100,110,call,1,84,80,20,18,350,0.91,0.23,37.5,15088.0,15378.153846153846,15378.153846153846,12671.598769230768,12671.598769230768,12671.598769230768,12671.598769230768,150,142.6,0.15,-0.05,0.05,-20.0,3.0,-2.0,330.0,30.31875,1161.56,75.95,75.95,75.42618315018315,1.8039169747770485,-74.05,93.0,0.0,0.0,1.0,1.0,1.0,93.0,17.05,-57.0,0.0
21/09/2026,21/09/2026,4122,3425,complaints,3774,760,78,34,37.5,58,60,call,1,84,90,10,25,760,0.78,0.34,37.5,3774.0,3788.515384615384,3788.515384615384,3277.0658076923073,3670.3137046153847,3670.3137046153847,3755.0873817632432,60,72.5,0.0,0.0,0.0,0.0,0.0,0.0,760.0,24.749999999999996,774.84,71.61,71.61,21.847105384615386,1.784255095386032,11.61,53.0,0.0,0.0,0.0,0.0,0.0,53.0,-18.61,-7.0,84.77367714785838
21/09/2026,21/09/2026,11103,9028,sales,10066,400,88,24,37.5,80,75,call,1,84,80,20,24,400,0.88,0.24,37.5,10066.0,10375.723076923075,10375.723076923075,8975.00046153846,9693.00049846154,9693.00049846154,9757.23495688582,75,106.9,0.0,0.0,0.0,0.0,0.0,0.0,400.0,28.5,1077.0,75.98,75.98,57.69643153846154,1.7692748197716794,0.98,73.0,0.0,0.0,0.0,0.0,0.0,73.0,-2.98,-2.0,64.23445842428268
21/09/2026,21/09/2026,5756,5001,retentions,5379,550,82,30,37.5,65,70,call,1,84,75,30,20,550,0.82,0.3,37.5,5379.0,5420.376923076923,5420.376923076923,4688.626038461538,4547.967257307691,4547.967257307691,4547.967257307691,70,88.0,0.0,0.0,0.0,0.0,0.0,0.0,550.0,26.25,694.83,52.95,52.95,27.071233674450543,1.6401969523383302,-17.05,60.0,0.0,0.0,1.0,1.0,1.0,60.0,7.05,-10.0,0.0
28/09/2026,28/09/2026,5865,5110,retentions,5487,550,82,30,37.5,65,70,call,1,84,75,30,20,550,0.82,0.3,37.5,5487.0,5531.318076923077,5531.318076923077,4756.933546153846,4614.225539769231,4614.225539769231,4614.225539769231,70,85.5,0.0,0.0,0.0,0.0,0.0,0.0,550.0,26.25,704.95,53.63,53.63,27.465628212912087,1.6376915367409726,-16.37,60.0,0.0,0.0,0.0,0.0,0.0,60.0,6.37,-10.0,0.0
28/09/2026,28/09/2026,11552,9477,sales,10514,400,88,24,37.5,80,75,call,1,84,80,20,24,400,0.88,0.24,37.5,10514.0,10853.683076923078,10853.683076923078,9334.167446153848,10080.900841846156,10080.900841846156,10092.26908841083,75,106.3,0.0,0.0,0.0,0.0,0.0,0.0,400.0,28.5,1120.1,78.78,78.78,60.00536215384617,1.763849042186847,3.78,73.0,0.0,0.0,0.0,0.0,0.0,73.0,-5.78,-2.0,11.36824656467416
28/09/2026,28/09/2026,4592,3895,complaints,4243,760,78,34,37.5,58,60,call,1,84,90,10,25,760,0.78,0.34,37.5,4243.0,4260.135192307692,4260.135192307692,3663.716265384615,4103.362217230769,4103.362217230769,4177.9848136398405,60,71.2,0.0,0.0,0.0,0.0,0.0,0.0,760.0,24.749999999999996,866.27,79.26,79.26,24.424775102564094,1.7663968174391074,19.26,53.0,0.0,0.0,0.0,0.0,0.0,53.0,-26.26,-7.0,74.62259640907206
28/09/2026,28/09/2026,16921,14582,billing,15751,350,85,27,37.5,100,110,call,1,84,80,20,18,350,0.91,0.23,37.5,15751.0,16069.049038461537,16069.049038461537,13144.482113461538,13144.482113461538,13144.482113461538,13144.482113461538,150,146.6,0.15,-0.05,0.05,-20.0,3.0,-2.0,330.0,30.31875,1204.91,78.57,78.57,78.24096496108058,1.79903541561219,-71.43,93.0,0.0,0.0,0.0,0.0,0.0,93.0,14.43,-57.0,0.0
05/10/2026,05/10/2026,15816,13477,billing,14646,350,85,27,37.5,100,110,call,1,84,80,20,18,350,0.91,0.23,37.5,14646.0,14955.81923076923,14955.81923076923,12129.169396153846,12129.169396153846,12129.169396153846,12129.169396153846,150,132.1,0.15,-0.05,0.05,-20.0,3.0,-2.0,330.0,30.31875,1111.84,72.93,72.93,72.19743688186813,1.809864335691928,-77.07,93.0,0.0,0.0,0.0,0.0,0.0,93.0,20.07,-57.0,0.0
05/10/2026,05/10/2026,5851,5096,retentions,5474,550,82,30,37.5,65,70,call,1,84,75,30,20,550,0.82,0.3,37.5,5474.0,5520.318461538462,5520.318461538462,4719.872284615385,4578.276116076923,4578.276116076923,4578.276116076923,70,87.0,0.0,0.0,0.0,0.0,0.0,0.0,550.0,26.25,699.46,53.26,53.26,27.251643548076924,1.6390441388342838,-16.74,60.0,0.0,0.0,0.0,0.0,0.0,60.0,6.74,-10.0,0.0
05/10/2026,05/10/2026,11121,9046,sales,10084,400,88,24,37.5,80,75,call,1,84,80,20,24,400,0.88,0.24,37.5,10084.0,10425.304615384615,10425.304615384615,8913.635446153847,8913.635446153847,8913.635446153847,8943.7202977478,75,102.1,0.0,0.0,0.0,0.0,0.0,0.0,400.0,28.5,990.4,70.34,70.34,53.05735384615385,1.7812282252875893,-4.66,72.0,0.0,0.0,1.0,1.0,1.0,72.0,1.66,-3.0,30.084851593952887
05/10/2026,05/10/2026,4629,3932,complaints,4280,760,78,34,37.5,58,60,call,1,84,90,10,25,760,0.78,0.34,37.5,4280.0,4298.107692307693,4298.107692307693,3674.882076923077,4115.867926153846,4115.867926153846,4235.382012769462,60,74.3,0.0,0.0,0.0,0.0,0.0,0.0,760.0,24.749999999999996,868.91,79.48,79.48,24.499213846153847,1.7659233813853723,19.48,52.0,0.0,0.0,1.0,1.0,1.0,52.0,-27.48,-8.0,119.5140866156157
12/10/2026,12/10/2026,4416,3719,complaints,4068,760,78,34,37.5,58,60,call,1,84,90,10,25,760,0.78,0.34,37.5,4068.0,4085.993076923077,4085.993076923077,3473.094115384615,3889.8654092307697,3889.8654092307697,4019.0236591855232,60,74.9,0.0,0.0,0.0,0.0,0.0,0.0,760.0,24.749999999999996,821.19,75.5,75.5,23.15396076923077,1.774828241238232,15.5,52.0,0.0,0.0,0.0,0.0,0.0,52.0,-23.5,-8.0,129.15824995475387
12/10/2026,12/10/2026,16531,14192,billing,15361,350,85,27,37.5,100,110,call,1,84,80,20,18,350,0.91,0.23,37.5,15361.0,15700.714423076925,15700.714423076925,12639.075110576923,12639.075110576923,12639.075110576923,12639.075110576923,150,137.1,0.15,-0.05,0.05,-20.0,3.0,-2.0,330.0,30.31875,1158.58,75.77,75.77,75.23258994391026,1.804262749467881,-74.23,92.0,0.0,0.0,1.0,1.0,1.0,92.0,16.23,-58.0,0.0
12/10/2026,12/10/2026,11997,9922,sales,10960,400,88,24,37.5,80,75,call,1,84,80,20,24,400,0.88,0.24,37.5,10960.0,11347.815384615384,11347.815384615384,9645.643076923076,9645.643076923076,9645.643076923076,9645.643076923076,75,106.1,0.0,0.0,0.0,0.0,0.0,0.0,400.0,28.5,1071.74,75.64,75.64,57.41454212454211,1.7699595611269088,0.64,72.0,0.0,0.0,0.0,0.0,0.0,72.0,-3.64,-3.0,0.0
12/10/2026,12/10/2026,6005,5250,retentions,5628,550,82,30,37.5,65,70,call,1,84,75,30,20,550,0.82,0.3,37.5,5628.0,5677.786153846155,5677.786153846155,4826.118230769232,4681.334683846155,4681.334683846155,4681.334683846155,70,91.0,0.0,0.0,0.0,0.0,0.0,0.0,550.0,26.25,715.2,54.33,54.33,27.86508740384616,1.6352083633794177,-15.67,60.0,0.0,0.0,0.0,0.0,0.0,60.0,5.67,-10.0,0.0
19/10/2026,19/10/2026,5927,5172,retentions,5550,550,82,30,37.5,65,70,call,1,84,75,30,20,550,0.82,0.3,37.5,5550.0,5601.230769230769,5601.230769230769,4733.039999999999,4591.048799999999,4591.048799999999,4591.048799999999,70,86.5,0.0,0.0,0.0,0.0,0.0,0.0,550.0,26.25,701.41,53.39,53.39,27.32767142857142,1.6385617456146253,-16.61,59.0,0.0,0.0,1.0,1.0,1.0,59.0,5.61,-11.0,0.0
19/10/2026,19/10/2026,4575,3878,complaints,4226,760,78,34,37.5,58,60,call,1,84,90,10,25,760,0.78,0.34,37.5,4226.0,4245.504615384616,4245.504615384616,3587.451400000001,4017.9455680000015,4017.9455680000015,4122.632672460305,60,72.3,0.0,0.0,0.0,0.0,0.0,0.0,760.0,24.749999999999996,848.23,77.76,77.76,23.916342666666676,1.7696893698630811,17.76,52.0,0.0,0.0,0.0,0.0,0.0,52.0,-25.76,-8.0,104.6871044603039
19/10/2026,19/10/2026,16732,14394,billing,15563,350,85,27,37.5,100,110,call,1,84,80,20,18,350,0.91,0.23,37.5,15563.0,15922.146153846152,15922.146153846152,12705.872630769229,12705.872630769229,12705.872630769229,12705.872630769229,150,137.6,0.15,-0.05,0.05,-20.0,3.0,-2.0,330.0,30.31875,1164.7,76.14,76.14,75.63019423076922,1.8035540305158535,-73.86,92.0,0.0,0.0,0.0,0.0,0.0,92.0,15.86,-58.0,0.0
19/10/2026,19/10/2026,12695,10620,sales,11657,400,88,24,37.5,80,75,call,1,84,80,20,24,400,0.88,0.24,37.5,11657.0,12087.412307692306,12087.412307692306,10213.863399999998,10213.863399999998,10213.863399999998,10229.13720500106,75,109.4,0.0,0.0,0.0,0.0,0.0,0.0,400.0,28.5,1134.87,79.73,79.73,60.79680595238094,1.7620607400607606,4.73,72.0,0.0,0.0,0.0,0.0,0.0,72.0,-7.73,-3.0,15.273805001062012
26/10/2026,26/10/2026,12659,10584,sales,11622,400,88,24,37.5,80,75,call,1,84,80,20,24,400,0.88,0.24,37.5,11622.0,12069.000000000002,12069.000000000002,10137.96,10137.96,10137.96,10184.279819430105,75,111.0,0.0,0.0,0.0,0.0,0.0,0.0,400.0,28.5,1126.44,79.19,79.19,60.345000000000006,1.7630773068396803,4.19,71.0,0.0,0.0,1.0,1.0,1.0,71.0,-8.19,-4.0,46.31981943010282
26/10/2026,26/10/2026,4551,3854,complaints,4203,760,78,34,37.5,58,60,call,1,84,90,10,25,760,0.78,0.34,37.5,4203.0,4223.2067307692305,4223.2067307692305,3547.4936538461534,3973.192892307692,3973.192892307692,4091.102802883914,60,73.0,0.0,0.0,0.0,0.0,0.0,0.0,760.0,24.749999999999996,838.79,76.97,76.97,23.64995769230769,1.7714566835100758,16.97,52.0,0.0,0.0,0.0,0.0,0.0,52.0,-24.97,-8.0,117.909910576222
26/10/2026,26/10/2026,5801,5046,retentions,5424,550,82,30,37.5,65,70,call,1,84,75,30,20,550,0.82,0.3,37.5,5424.0,5476.153846153846,5476.153846153846,4599.96923076923,4461.970153846153,4461.970153846153,4461.970153846153,70,86.2,0.0,0.0,0.0,0.0,0.0,0.0,550.0,26.25,681.69,52.05,52.05,26.55934615384615,1.6435316037229062,-17.95,59.0,0.0,0.0,0.0,0.0,0.0,59.0,6.95,-11.0,0.0
26/10/2026,26/10/2026,16461,14122,billing,15291,350,85,27,37.5,100,110,call,1,84,80,20,18,350,0.91,0.23,37.5,15291.0,15658.572115384612,15658.572115384612,12401.589115384611,12401.589115384611,12401.589115384611,12401.589115384611,150,141.8,0.15,-0.05,0.05,-20.0,3.0,-2.0,330.0,30.31875,1136.81,74.45,74.45,73.81898282967032,1.8068286662882092,-75.55,92.0,0.0,0.0,0.0,0.0,0.0,92.0,17.55,-58.0,0.0
02/11/2026,02/11/2026,5802,5047,retentions,5424,550,82,30,37.5,65,70,call,1,84,75,30,20,550,0.82,0.3,37.5,5424.0,5478.24,5478.24,4574.3304,4574.3304,4574.3304,4574.3304,70,88.7,0.0,0.0,0.0,0.0,0.0,0.0,550.0,26.25,698.86,53.22,53.22,27.228157142857143,1.6391935672667406,-16.78,59.0,0.0,0.0,0.0,0.0,0.0,59.0,5.78,-11.0,0.0
02/11/2026,02/11/2026,14046,11971,sales,13008,400,88,24,37.5,80,75,call,1,84,80,20,24,400,0.88,0.24,37.5,13008.0,13528.32,13528.32,11296.1472,11296.1472,11296.1472,11346.956348950293,75,101.5,0.0,0.0,0.0,0.0,0.0,0.0,400.0,28.5,1255.13,87.51,87.51,67.23897142857143,1.7486995815466533,12.51,71.0,0.0,0.0,0.0,0.0,0.0,71.0,-16.51,-4.0,50.8091489502924
02/11/2026,02/11/2026,4654,3957,complaints,4305,760,78,34,37.5,58,60,call,1,84,90,10,25,760,0.78,0.34,37.5,4305.0,4326.525,4326.525,3612.648375,4046.16618,4046.16618,4159.556827560534,60,71.5,0.0,0.0,0.0,0.0,0.0,0.0,760.0,24.749999999999996,854.19,78.26,78.26,24.084322500000003,1.7685900247731987,18.26,51.0,0.0,0.0,1.0,1.0,1.0,51.0,-27.26,-9.0,113.39064756053315
02/11/2026,02/11/2026,15766,13427,billing,14597,350,85,27,37.5,100,110,call,1,84,80,20,18,350,0.91,0.23,37.5,14597.0,14961.925,14961.925,11760.07305,11760.07305,11760.07305,11760.07305,150,134.1,0.15,-0.05,0.05,-20.0,3.0,-2.0,330.0,30.31875,1078.01,70.88,70.88,70.00043482142857,1.8141443961354229,-79.12,92.0,0.0,0.0,0.0,0.0,0.0,92.0,21.12,-58.0,0.0
09/11/2026,09/11/2026,16198,13859,billing,15028,350,85,27,37.5,100,110,call,1,84,80,20,18,350,0.91,0.23,37.5,15028.0,15418.149999999998,15418.149999999998,12010.738849999998,12010.738849999998,12010.738849999998,12010.738849999998,150,135.3,0.15,-0.05,0.05,-20.0,3.0,-2.0,330.0,30.31875,1100.98,72.28,72.28,71.49249315476189,1.8112161460318277,-77.72,91.0,0.0,0.0,1.0,1.0,1.0,91.0,18.72,-59.0,0.0
09/11/2026,09/11/2026,5903,5148,retentions,5525,550,82,30,37.5,65,70,call,1,84,75,30,20,550,0.82,0.3,37.5,5525.0,5582.375,5582.375,4633.37125,4633.37125,4633.37125,4633.37125,70,88.9,0.0,0.0,0.0,0.0,0.0,0.0,550.0,26.25,707.88,53.83,53.83,27.579590773809525,1.636977609648266,-16.17,59.0,0.0,0.0,0.0,0.0,0.0,59.0,5.17,-11.0,0.0
09/11/2026,09/11/2026,4231,3535,complaints,3883,760,78,34,37.5,58,60,call,1,84,90,10,25,760,0.78,0.34,37.5,3883.0,3903.161730769231,3903.161730769231,3239.6242365384614,3628.379144923077,3628.379144923077,3756.6468524733286,60,77.9,0.0,0.0,0.0,0.0,0.0,0.0,760.0,24.749999999999996,765.99,70.87,70.87,21.59749491025641,1.7861522927446416,10.87,51.0,0.0,0.0,0.0,0.0,0.0,51.0,-19.87,-9.0,128.26770755025154
09/11/2026,09/11/2026,14744,12670,sales,13707,400,88,24,37.5,80,75,call,1,84,80,20,24,400,0.88,0.24,37.5,13707.0,14276.367692307693,14276.367692307693,11849.385184615385,11849.385184615385,11849.385184615385,11988.862868603028,75,108.0,0.0,0.0,0.0,0.0,0.0,0.0,400.0,28.5,1316.6,91.48,91.48,70.53205467032967,1.7425881599364883,16.48,71.0,0.0,0.0,0.0,0.0,0.0,71.0,-20.48,-4.0,139.47768398764296
16/11/2026,16/11/2026,4311,3615,complaints,3963,760,78,34,37.5,58,60,call,1,84,90,10,25,760,0.78,0.34,37.5,3963.0,3984.33923076923,3984.33923076923,3287.0798653846155,3681.52944923077,3681.52944923077,3765.1850035440607,60,75.0,0.0,0.0,0.0,0.0,0.0,0.0,760.0,24.749999999999996,777.21,71.81,71.81,21.913865769230775,1.7837531765561214,11.81,51.0,0.0,0.0,0.0,0.0,0.0,51.0,-20.81,-9.0,83.65555431329074
16/11/2026,16/11/2026,6256,5501,retentions,5878,550,82,30,37.5,65,70,call,1,84,75,30,20,550,0.82,0.3,37.5,5878.0,5941.301538461539,5941.301538461539,4901.57376923077,4901.57376923077,4901.57376923077,4901.57376923077,70,80.4,0.0,0.0,0.0,0.0,0.0,0.0,550.0,26.25,748.85,56.62,56.62,29.176034340659346,1.627420535608926,-13.38,59.0,0.0,0.0,0.0,0.0,0.0,59.0,2.38,-11.0,0.0
16/11/2026,16/11/2026,14817,12742,sales,13779,400,88,24,37.5,80,75,call,1,84,80,20,24,400,0.88,0.24,37.5,13779.0,14372.556923076922,14372.556923076922,11857.35946153846,11857.35946153846,11857.35946153846,12047.850674092986,75,107.9,0.0,0.0,0.0,0.0,0.0,0.0,400.0,28.5,1317.48,91.54,91.54,70.5795206043956,1.7425032107240357,16.54,70.0,0.0,0.0,1.0,1.0,1.0,70.0,-21.54,-5.0,190.49121255452465
16/11/2026,16/11/2026,17134,14795,billing,15964,350,85,27,37.5,100,110,call,1,84,80,20,18,350,0.91,0.23,37.5,15964.0,16393.8,16393.8,12656.013599999998,12656.013599999998,12656.013599999998,12656.013599999998,150,131.2,0.15,-0.05,0.05,-20.0,3.0,-2.0,330.0,30.31875,1160.13,75.86,75.86,75.33341428571427,1.8040825019013895,-74.14,91.0,0.0,0.0,0.0,0.0,0.0,91.0,15.14,-59.0,0.0
23/11/2026,23/11/2026,6449,5694,retentions,6071,550,82,30,37.5,65,70,call,1,84,75,30,20,550,0.82,0.3,37.5,6071.0,6138.714999999999,6138.714999999999,5033.746299999999,5033.746299999999,5033.746299999999,5033.746299999999,70,88.6,0.0,0.0,0.0,0.0,0.0,0.0,550.0,26.25,769.04,57.99,57.99,29.96277559523809,1.6229942340340828,-12.01,58.0,0.0,0.0,1.0,1.0,1.0,58.0,0.01,-12.0,0.0
23/11/2026,23/11/2026,4366,3669,complaints,4017,760,78,34,37.5,58,60,call,1,84,90,10,25,760,0.78,0.34,37.5,4017.0,4039.4025,4039.4025,3312.31005,3709.787256000001,3709.787256000001,3797.893829064738,60,73.4,0.0,0.0,0.0,0.0,0.0,0.0,760.0,24.749999999999996,783.18,72.31,72.31,22.082067,1.78249871084132,12.31,51.0,0.0,0.0,0.0,0.0,0.0,51.0,-21.31,-9.0,88.10657306473756
23/11/2026,23/11/2026,14564,12489,sales,13527,400,88,24,37.5,80,75,call,1,84,80,20,24,400,0.88,0.24,37.5,13527.0,14130.51230769231,14130.51230769231,11587.020092307695,11587.020092307695,11587.020092307695,11793.298144291037,75,108.7,0.0,0.0,0.0,0.0,0.0,0.0,400.0,28.5,1287.45,89.6,89.6,68.97035769230772,1.7454318317081374,14.6,70.0,0.0,0.0,0.0,0.0,0.0,70.0,-19.6,-5.0,206.2780519833398
23/11/2026,23/11/2026,18453,16114,billing,17283,350,85,27,37.5,100,110,call,1,84,80,20,18,350,0.91,0.23,37.5,17283.0,17764.929807692304,17764.929807692304,13607.936232692306,13607.936232692306,13607.936232692306,13607.936232692306,150,139.6,0.15,-0.05,0.05,-20.0,3.0,-2.0,330.0,30.31875,1247.39,81.13,81.13,80.9996204326923,1.794500256065748,-68.87,91.0,0.0,0.0,0.0,0.0,0.0,91.0,9.87,-59.0,0.0
30/11/2026,30/11/2026,5217,4521,complaints,4869,760,78,34,37.5,58,60,call,1,84,90,10,25,760,0.78,0.34,37.5,4869.0,4897.090384615384,4897.090384615384,4015.614115384615,4497.487809230769,4497.487809230769,4588.62837308951,60,72.1,0.0,0.0,0.0,0.0,0.0,0.0,760.0,24.749999999999996,949.47,86.19,86.19,26.77076076923077,1.7524398133222276,26.19,50.0,0.0,0.0,1.0,1.0,1.0,50.0,-36.19,-10.0,91.14056385874096
30/11/2026,30/11/2026,20063,17724,billing,18894,350,85,27,37.5,100,110,call,1,84,80,20,18,350,0.91,0.23,37.5,18894.0,19439.01923076923,19439.01923076923,14890.28873076923,14890.28873076923,14890.28873076923,14890.28873076923,150,145.8,0.15,-0.05,0.05,-20.0,3.0,-2.0,330.0,30.31875,1364.94,88.21,88.21,88.63267101648351,1.7830746366674612,-61.79,90.0,0.0,0.0,1.0,1.0,1.0,90.0,1.79,-60.0,0.0
30/11/2026,30/11/2026,6842,6087,retentions,6464,550,82,30,37.5,65,70,call,1,84,75,30,20,550,0.82,0.3,37.5,6464.0,6538.584615384615,6538.584615384615,5361.639384615384,5361.639384615384,5361.639384615384,5361.639384615384,70,87.6,0.0,0.0,0.0,0.0,0.0,0.0,550.0,26.25,819.14,61.37,61.37,31.914520146520143,1.6127290657547642,-8.63,58.0,0.0,0.0,0.0,0.0,0.0,58.0,-3.37,-12.0,0.0
30/11/2026,30/11/2026,14781,12706,sales,13743,400,88,24,37.5,80,75,call,1,84,80,20,24,400,0.88,0.24,37.5,13743.0,14377.292307692309,14377.292307692309,11789.379692307692,11789.379692307692,11789.379692307692,11970.367212510097,75,112.2,0.0,0.0,0.0,0.0,0.0,0.0,400.0,28.5,1309.93,91.05,91.05,70.17487912087913,1.7432301546862066,16.05,70.0,0.0,0.0,0.0,0.0,0.0,70.0,-21.05,-5.0,180.98752020240096
07/12/2026,07/12/2026,4986,4289,complaints,4638,760,78,34,37.5,58,60,call,1,84,90,10,25,760,0.78,0.34,37.5,4638.0,4665.649615384615,4665.649615384615,3825.832684615384,4284.932606769231,4284.932606769231,4472.204110969138,60,75.4,0.0,0.0,0.0,0.0,0.0,0.0,760.0,24.749999999999996,904.6,82.46,82.46,25.505551230769232,1.7597278162339078,22.46,50.0,0.0,0.0,0.0,0.0,0.0,50.0,-32.46,-10.0,187.27150419990735
07/12/2026,07/12/2026,19380,17041,billing,18210,350,85,27,37.5,100,110,call,1,84,80,20,18,350,0.91,0.23,37.5,18210.0,18752.79807692307,18752.79807692307,14364.643326923077,14364.643326923077,14364.643326923077,14364.643326923077,150,132.6,0.15,-0.05,0.05,-20.0,3.0,-2.0,330.0,30.31875,1316.76,85.31,85.31,85.50382932692307,1.787572754159967,-64.69,90.0,0.0,0.0,0.0,0.0,0.0,90.0,4.69,-60.0,0.0
07/12/2026,07/12/2026,14327,12252,sales,13290,400,88,24,37.5,80,75,call,1,84,80,20,24,400,0.88,0.24,37.5,13290.0,13923.83076923077,13923.83076923077,11417.541230769231,11417.541230769231,11417.541230769231,11617.139585670262,75,104.9,0.0,0.0,0.0,0.0,0.0,0.0,400.0,28.5,1268.62,88.38,88.38,67.96155494505494,1.747320628481056,13.38,69.0,0.0,0.0,1.0,1.0,1.0,69.0,-19.38,-6.0,199.59835490103097
07/12/2026,07/12/2026,7119,6364,retentions,6741,550,82,30,37.5,65,70,call,1,84,75,30,20,550,0.82,0.3,37.5,6741.0,6821.373461538462,6821.373461538462,5593.526238461539,5593.526238461539,5593.526238461539,5603.875265607129,70,87.4,0.0,0.0,0.0,0.0,0.0,0.0,550.0,26.25,854.57,63.76,63.76,33.29479903846154,1.606021052814813,-6.24,58.0,0.0,0.0,0.0,0.0,0.0,58.0,-5.76,-12.0,10.34902714558998
14/12/2026,14/12/2026,4856,4159,complaints,4508,760,78,34,37.5,58,60,call,1,84,90,10,25,760,0.78,0.34,37.5,4508.0,4535.741538461539,4535.741538461539,3719.308061538462,4165.6250289230775,4165.6250289230775,4331.305245304518,60,73.6,0.0,0.0,0.0,0.0,0.0,0.0,760.0,24.749999999999996,879.41,80.36,80.36,24.79538707692308,1.7640608610500808,20.36,50.0,0.0,0.0,0.0,0.0,0.0,50.0,-30.36,-10.0,165.68021638144046
14/12/2026,14/12/2026,7094,6339,retentions,6717,550,82,30,37.5,65,70,call,1,84,75,30,20,550,0.82,0.3,37.5,6717.0,6799.670769230769,6799.670769230769,5575.730030769231,5575.730030769231,5575.730030769231,5598.553989929161,70,84.3,0.0,0.0,0.0,0.0,0.0,0.0,550.0,26.25,851.85,63.58,63.58,33.188869230769235,1.6065209910097231,-6.42,58.0,0.0,0.0,0.0,0.0,0.0,58.0,-5.58,-12.0,22.823959159929903
14/12/2026,14/12/2026,19011,16672,billing,17842,350,85,27,37.5,100,110,call,1,84,80,20,18,350,0.91,0.23,37.5,17842.0,18390.984615384612,18390.984615384612,14087.494215384611,14087.494215384611,14087.494215384611,14087.494215384611,150,132.2,0.15,-0.05,0.05,-20.0,3.0,-2.0,330.0,30.31875,1291.35,83.78,83.78,83.85413223443223,1.7900451375596589,-66.22,90.0,0.0,0.0,0.0,0.0,0.0,90.0,6.22,-60.0,0.0
14/12/2026,14/12/2026,13915,11841,sales,12878,400,88,24,37.5,80,75,call,1,84,80,20,24,400,0.88,0.24,37.5,12878.0,13511.993846153846,13511.993846153846,11079.834953846152,11079.834953846152,11079.834953846152,11258.767824699042,75,108.7,0.0,0.0,0.0,0.0,0.0,0.0,400.0,28.5,1231.09,85.96,85.96,65.95139853479853,1.751212678304145,10.96,69.0,0.0,0.0,0.0,0.0,0.0,69.0,-16.96,-6.0,178.93287085288793
21/12/2026,21/12/2026,17567,15228,billing,16398,350,85,27,37.5,100,110,call,1,84,80,20,18,350,0.91,0.23,37.5,16398.0,16918.321153846155,16918.321153846155,12959.434003846154,12959.434003846154,12959.434003846154,12959.434003846154,150,134.8,0.15,-0.05,0.05,-20.0,3.0,-2.0,330.0,30.31875,1187.95,77.54,77.54,77.13948811813187,1.8009138183688518,-72.46,89.0,0.0,0.0,1.0,1.0,1.0,89.0,11.46,-61.0,0.0
21/12/2026,21/12/2026,6426,5671,retentions,6049,550,82,30,37.5,65,70,call,1,84,75,30,20,550,0.82,0.3,37.5,6049.0,6125.77576923077,6125.77576923077,5023.136130769231,5023.136130769231,5023.136130769231,5044.970348802844,70,86.1,0.0,0.0,0.0,0.0,0.0,0.0,550.0,26.25,767.42,57.88,57.88,29.89961982600733,1.623343094775876,-12.12,57.0,0.0,0.0,1.0,1.0,1.0,57.0,-0.88,-13.0,21.834218033612064
21/12/2026,21/12/2026,4533,3837,complaints,4185,760,78,34,37.5,58,60,call,1,84,90,10,25,760,0.78,0.34,37.5,4185.0,4211.558653846154,4211.558653846154,3453.4780961538463,3867.895467692308,3867.895467692308,4018.765439485461,60,74.4,0.0,0.0,0.0,0.0,0.0,0.0,760.0,24.749999999999996,816.56,75.11,75.11,23.02318730769231,1.7757352794637082,15.11,50.0,0.0,0.0,0.0,0.0,0.0,50.0,-25.11,-10.0,150.86997179315273
21/12/2026,21/12/2026,13275,11200,sales,12238,400,88,24,37.5,80,75,call,1,84,80,20,24,400,0.88,0.24,37.5,12238.0,12859.313846153846,12859.313846153846,10544.637353846154,10544.637353846154,10544.637353846154,10692.642318665972,75,106.3,0.0,0.0,0.0,0.0,0.0,0.0,400.0,28.5,1171.63,82.11,82.11,62.76569853479854,1.757759614206035,7.11,69.0,0.0,0.0,0.0,0.0,0.0,69.0,-13.11,-6.0,148.00496481981867
28/12/2026,28/12/2026,6182,5426,retentions,5804,550,82,30,37.5,65,70,call,1,84,75,30,20,550,0.82,0.3,37.5,5804.0,5879.898461538461,5879.898461538461,4821.516738461538,4821.516738461538,4821.516738461538,4822.935407536053,70,88.5,0.0,0.0,0.0,0.0,0.0,0.0,550.0,26.25,736.62,55.79,55.79,28.699504395604393,1.630189618361329,-14.21,57.0,0.0,0.0,0.0,0.0,0.0,57.0,1.21,-13.0,1.4186690745152284
28/12/2026,28/12/2026,12737,10662,sales,11699,400,88,24,37.5,80,75,call,1,84,80,20,24,400,0.88,0.24,37.5,11699.0,12310.947692307693,12310.947692307693,10094.977107692308,10094.977107692308,10094.977107692308,10197.303169009636,75,106.9,0.0,0.0,0.0,0.0,0.0,0.0,400.0,28.5,1121.66,78.88,78.88,60.08914945054945,1.7636580503414312,3.88,68.0,0.0,0.0,1.0,1.0,1.0,68.0,-10.88,-7.0,102.32606131732848
28/12/2026,28/12/2026,18105,15766,billing,16935,350,85,27,37.5,100,110,call,1,84,80,20,18,350,0.91,0.23,37.5,16935.0,17488.644230769234,17488.644230769234,13396.301480769234,13396.301480769234,13396.301480769234,13396.301480769234,150,131.4,0.15,-0.05,0.05,-20.0,3.0,-2.0,330.0,30.31875,1227.99,79.96,79.96,79.73988976648354,1.7965420160745846,-70.04,89.0,0.0,0.0,0.0,0.0,0.0,89.0,9.04,-61.0,0.0
28/12/2026,28/12/2026,4536,3839,complaints,4188,760,78,34,37.5,58,60,call,1,84,90,10,25,760,0.78,0.34,37.5,4188.0,4215.383076923077,4215.383076923077,3456.6141230769235,3871.4078178461546,3871.4078178461546,3987.929660516327,60,74.7,0.0,0.0,0.0,0.0,0.0,0.0,760.0,24.749999999999996,817.3,75.17,75.17,23.044094153846157,1.7755897522691566,15.17,49.0,0.0,0.0,1.0,1.0,1.0,49.0,-26.17,-11.0,116.52184267017284
04/01/2027,04/01/2027,4637,3940,complaints,4288,760,78,34,37.5,58,60,call,1,84,90,10,25,760,0.78,0.34,37.5,4288.0,4316.861538461539,4316.861538461539,3539.8264615384614,3539.8264615384614,3539.8264615384614,3662.705415942942,60,,0.0,0.0,0.0,0.0,0.0,0.0,760.0,24.749999999999996,747.3,69.3,69.3,21.070395604395603,1.79026877802688,9.3,49.0,0.0,0.0,0.0,0.0,0.0,49.0,-20.3,-11.0,122.8789544044812
04/01/2027,04/01/2027,6116,5361,retentions,5739,550,82,30,37.5,65,70,call,1,84,75,30,20,550,0.82,0.3,37.5,5739.0,5816.255769230769,5816.255769230769,4769.329730769231,4769.329730769231,4769.329730769231,4769.329730769231,70,,0.0,0.0,0.0,0.0,0.0,0.0,550.0,26.25,728.65,55.25,55.25,28.388867445054945,1.6320321271619953,-14.75,57.0,0.0,0.0,0.0,0.0,0.0,57.0,1.75,-13.0,0.0
04/01/2027,04/01/2027,11200,9125,sales,10162,400,88,24,37.5,80,75,call,1,84,80,20,24,400,0.88,0.24,37.5,10162.0,10709.184615384616,10709.184615384616,8781.531384615386,8781.531384615386,8781.531384615386,8859.886901600068,75,,0.0,0.0,0.0,0.0,0.0,0.0,400.0,28.5,975.73,69.38,69.38,52.27102014652015,1.7834105793033292,-5.62,68.0,0.0,0.0,0.0,0.0,0.0,68.0,-1.38,-7.0,78.35551698468272
04/01/2027,04/01/2027,19709,17370,billing,18539,350,85,27,37.5,100,110,call,1,84,80,20,18,350,0.91,0.23,37.5,18539.0,19162.908653846156,19162.908653846156,14678.788028846157,14678.788028846157,14678.788028846157,14678.788028846157,150,,0.15,-0.05,0.05,-20.0,3.0,-2.0,330.0,30.31875,1345.56,87.05,87.05,87.3737382669414,1.784855448262698,-62.95,89.0,0.0,0.0,0.0,0.0,0.0,89.0,1.95,-61.0,0.0
11/01/2027,11/01/2027,12909,10834,sales,11871,400,88,24,37.5,80,75,call,1,84,80,20,24,400,0.88,0.24,37.5,11871.0,12528.47076923077,12528.47076923077,10273.346030769231,10273.346030769231,10273.346030769231,10277.074122789312,75,,0.0,0.0,0.0,0.0,0.0,0.0,400.0,28.5,1141.48,80.16,80.16,61.15086923076923,1.7612719813995348,5.16,68.0,0.0,0.0,0.0,0.0,0.0,68.0,-12.16,-7.0,3.7280920200801457
11/01/2027,11/01/2027,18420,16082,billing,17251,350,85,27,37.5,100,110,call,1,84,80,20,18,350,0.91,0.23,37.5,17251.0,17848.15,17848.15,13671.682900000002,13671.682900000002,13671.682900000002,13671.682900000002,150,,0.15,-0.05,0.05,-20.0,3.0,-2.0,330.0,30.31875,1253.24,81.48,81.48,81.37906488095238,1.7938945660227614,-68.52,88.0,0.0,0.0,1.0,1.0,1.0,88.0,6.52,-62.0,0.0
11/01/2027,11/01/2027,6255,5500,retentions,5878,550,82,30,37.5,65,70,call,1,84,75,30,20,550,0.82,0.3,37.5,5878.0,5959.387692307692,5959.387692307692,4886.697907692308,4886.697907692308,4886.697907692308,4886.697907692308,70,,0.0,0.0,0.0,0.0,0.0,0.0,550.0,26.25,746.58,56.46,56.46,29.087487545787543,1.627929923103126,-13.54,57.0,0.0,0.0,0.0,0.0,0.0,57.0,0.54,-13.0,0.0
11/01/2027,11/01/2027,4217,3520,complaints,3868,760,78,34,37.5,58,60,call,1,84,90,10,25,760,0.78,0.34,37.5,3868.0,3894.778461538462,3894.778461538462,3193.718338461539,3193.718338461539,3193.718338461539,3280.822209188827,60,,0.0,0.0,0.0,0.0,0.0,0.0,760.0,24.749999999999996,674.23,63.14,63.14,19.010228205128207,1.8079683715218788,3.14,49.0,0.0,0.0,0.0,0.0,0.0,49.0,-14.14,-11.0,87.10387072728788
18/01/2027,18/01/2027,13808,11733,sales,12770,400,88,24,37.5,80,75,call,1,84,80,20,24,400,0.88,0.24,37.5,12770.0,13496.907692307692,13496.907692307692,11067.464307692308,11067.464307692308,11067.464307692308,11158.544627639852,75,,0.0,0.0,0.0,0.0,0.0,0.0,400.0,28.5,1229.72,85.87,85.87,65.87776373626373,1.7513586226263365,10.87,68.0,0.0,0.0,0.0,0.0,0.0,68.0,-17.87,-7.0,91.08031994754454
18/01/2027,18/01/2027,4178,3481,complaints,3830,760,78,34,37.5,58,60,call,1,84,90,10,25,760,0.78,0.34,37.5,3830.0,3857.251923076923,3857.251923076923,3162.946576923077,3162.946576923077,3162.946576923077,3215.1010068977057,60,,0.0,0.0,0.0,0.0,0.0,0.0,760.0,24.749999999999996,667.73,62.59,62.59,18.82706295787546,1.809681199846692,2.59,49.0,0.0,0.0,0.0,0.0,0.0,49.0,-13.59,-11.0,52.15442997462864
18/01/2027,18/01/2027,6383,5628,retentions,6005,550,82,30,37.5,65,70,call,1,84,75,30,20,550,0.82,0.3,37.5,6005.0,6090.45576923077,6090.45576923077,4994.173730769231,4994.173730769231,4994.173730769231,4994.173730769231,70,,0.0,0.0,0.0,0.0,0.0,0.0,550.0,26.25,763.0,57.58,57.58,29.72722458791209,1.6243010268195028,-12.42,57.0,0.0,0.0,0.0,0.0,0.0,57.0,-0.58,-13.0,0.0
18/01/2027,18/01/2027,18064,15725,billing,16895,350,85,27,37.5,100,110,call,1,84,80,20,18,350,0.91,0.23,37.5,16895.0,17496.072115384617,17496.072115384617,13401.991240384616,13401.991240384616,13401.991240384616,13401.991240384616,150,,0.15,-0.05,0.05,-20.0,3.0,-2.0,330.0,30.31875,1228.52,79.99,79.99,79.77375738324177,1.7964864918934953,-70.01,88.0,0.0,0.0,0.0,0.0,0.0,88.0,8.01,-62.0,0.0
25/01/2027,25/01/2027,4047,3350,complaints,3698,760,78,34,37.5,58,60,call,1,84,90,10,25,760,0.78,0.34,37.5,3698.0,3725.023846153846,3725.023846153846,3054.519553846154,3054.519553846154,3054.519553846154,3103.3125669993456,60,,0.0,0.0,0.0,0.0,0.0,0.0,760.0,24.749999999999996,644.84,60.66,60.66,18.18166401098901,1.8159214075902832,0.66,48.0,0.0,0.0,1.0,1.0,1.0,48.0,-12.66,-12.0,48.79301315319159
25/01/2027,25/01/2027,13153,11078,sales,12115,400,88,24,37.5,80,75,call,1,84,80,20,24,400,0.88,0.24,37.5,12115.0,12823.26153846154,12823.26153846154,10515.074461538465,10515.074461538465,10515.074461538465,10673.974297239663,75,,0.0,0.0,0.0,0.0,0.0,0.0,400.0,28.5,1168.34,81.9,81.9,62.58972893772894,1.7581357500450516,6.9,67.0,0.0,0.0,1.0,1.0,1.0,67.0,-14.9,-8.0,158.89983570120148
25/01/2027,25/01/2027,16928,14589,billing,15759,350,85,27,37.5,100,110,call,1,84,80,20,18,350,0.91,0.23,37.5,15759.0,16334.809615384616,16334.809615384616,12512.464165384616,12512.464165384616,12512.464165384616,12512.464165384616,150,,0.15,-0.05,0.05,-20.0,3.0,-2.0,330.0,30.31875,1146.98,75.06,75.06,74.47895336538461,1.805621626621364,-74.94,88.0,0.0,0.0,0.0,0.0,0.0,88.0,12.94,-62.0,0.0
25/01/2027,25/01/2027,6236,5480,retentions,5858,550,82,30,37.5,65,70,call,1,84,75,30,20,550,0.82,0.3,37.5,5858.0,5943.616923076924,5943.616923076924,4873.7658769230775,4873.7658769230775,4873.7658769230775,4874.523214323392,70,,0.0,0.0,0.0,0.0,0.0,0.0,550.0,26.25,744.6,56.33,56.33,29.010511172161177,1.628374642498608,-13.67,56.0,0.0,0.0,1.0,1.0,1.0,56.0,-0.33,-14.0,0.757337400314168
01/02/2027,01/02/2027,12576,10501,sales,11539,400,88,24,37.5,80,75,call,1,84,80,20,24,400,0.88,0.24,37.5,11539.0,12231.34,12231.34,10029.6988,10029.6988,10029.6988,10153.941523162535,75,,0.0,0.0,0.0,0.0,0.0,0.0,400.0,28.5,1114.41,78.41,78.41,59.700588095238096,1.764547157886734,3.41,67.0,0.0,0.0,0.0,0.0,0.0,67.0,-11.41,-8.0,124.2427231625373
01/02/2027,01/02/2027,4130,3433,complaints,3781,760,78,34,37.5,58,60,call,1,84,90,10,25,760,0.78,0.34,37.5,3781.0,3809.3575,3809.3575,3123.67315,3123.67315,3123.67315,3168.0558510157744,60,,0.0,0.0,0.0,0.0,0.0,0.0,760.0,24.749999999999996,659.44,61.89,61.89,18.59329255952381,1.8119039093208111,1.89,48.0,0.0,0.0,0.0,0.0,0.0,48.0,-13.89,-12.0,44.382701015774046
01/02/2027,01/02/2027,16150,13811,billing,14980,350,85,27,37.5,100,110,call,1,84,80,20,18,350,0.91,0.23,37.5,14980.0,15541.750000000002,15541.750000000002,11904.9805,11904.9805,11904.9805,11904.9805,150,,0.15,-0.05,0.05,-20.0,3.0,-2.0,330.0,30.31875,1091.29,71.69,71.69,70.86297916666668,1.8124403216439424,-78.31,87.0,0.0,0.0,1.0,1.0,1.0,87.0,15.31,-63.0,0.0
01/02/2027,01/02/2027,5959,5204,retentions,5582,550,82,30,37.5,65,70,call,1,84,75,30,20,550,0.82,0.3,37.5,5582.0,5665.73,5665.73,4645.8985999999995,4645.8985999999995,4645.8985999999995,4646.226457169404,70,,0.0,0.0,0.0,0.0,0.0,0.0,550.0,26.25,709.79,53.96,53.96,27.65415833333333,1.6365128659115071,-16.04,56.0,0.0,0.0,0.0,0.0,0.0,56.0,2.04,-14.0,0.3278571694048821
08/02/2027,08/02/2027,12758,10683,sales,11720,400,88,24,37.5,80,75,call,1,84,80,20,24,400,0.88,0.24,37.5,11720.0,12441.23076923077,12441.23076923077,10201.809230769231,10201.809230769231,10201.809230769231,10286.356036252564,75,,0.0,0.0,0.0,0.0,0.0,0.0,400.0,28.5,1133.53,79.65,79.65,60.72505494505495,1.7622214222480248,4.65,67.0,0.0,0.0,0.0,0.0,0.0,67.0,-12.65,-8.0,84.54680548333242
08/02/2027,08/02/2027,16309,13970,billing,15140,350,85,27,37.5,100,110,call,1,84,80,20,18,350,0.91,0.23,37.5,15140.0,15722.307692307691,15722.307692307691,12043.287692307693,12043.287692307693,12043.287692307693,12043.287692307693,150,,0.15,-0.05,0.05,-20.0,3.0,-2.0,330.0,30.31875,1103.97,72.46,72.46,71.68623626373626,1.8108426351269835,-77.54,87.0,0.0,0.0,0.0,0.0,0.0,87.0,14.54,-63.0,0.0
08/02/2027,08/02/2027,5910,5155,retentions,5533,550,82,30,37.5,65,70,call,1,84,75,30,20,550,0.82,0.3,37.5,5533.0,5618.123076923077,5618.123076923077,4606.860923076923,4606.860923076923,4606.860923076923,4606.860923076923,70,,0.0,0.0,0.0,0.0,0.0,0.0,550.0,26.25,703.83,53.56,53.56,27.421791208791213,1.6379673414812743,-16.44,56.0,0.0,0.0,0.0,0.0,0.0,56.0,2.44,-14.0,0.0
08/02/2027,08/02/2027,4083,3386,complaints,3735,760,78,34,37.5,58,60,call,1,84,90,10,25,760,0.78,0.34,37.5,3735.0,3763.730769230769,3763.730769230769,3086.2592307692307,3086.2592307692307,3086.2592307692307,3136.784278559115,60,,0.0,0.0,0.0,0.0,0.0,0.0,760.0,24.749999999999996,651.54,61.22,61.22,18.37059065934066,1.814060719107668,1.22,48.0,0.0,0.0,0.0,0.0,0.0,48.0,-13.22,-12.0,50.525047789884546
15/02/2027,15/02/2027,12529,10454,sales,11492,400,88,24,37.5,80,75,call,1,84,80,20,24,400,0.88,0.24,37.5,11492.0,12216.88,12216.88,10017.8416,10017.8416,10017.8416,10115.500073011586,75,,0.0,0.0,0.0,0.0,0.0,0.0,400.0,28.5,1113.09,78.32,78.32,59.63000952380952,1.7647095879785728,3.32,66.0,0.0,0.0,1.0,1.0,1.0,66.0,-12.32,-9.0,97.65847301158556
15/02/2027,15/02/2027,16601,14262,billing,15432,350,85,27,37.5,100,110,call,1,84,80,20,18,350,0.91,0.23,37.5,15432.0,16040.376923076925,16040.376923076925,12286.928723076924,12286.928723076924,12286.928723076924,12286.928723076924,150,,0.15,-0.05,0.05,-20.0,3.0,-2.0,330.0,30.31875,1126.3,73.81,73.81,73.1364804945055,1.808094060000883,-76.19,87.0,0.0,0.0,0.0,0.0,0.0,87.0,13.19,-63.0,0.0
15/02/2027,15/02/2027,6203,5448,retentions,5826,550,82,30,37.5,65,70,call,1,84,75,30,20,550,0.82,0.3,37.5,5826.0,5917.871538461538,5917.871538461538,4852.654661538461,4852.654661538461,4852.654661538461,4852.654661538461,70,,0.0,0.0,0.0,0.0,0.0,0.0,550.0,26.25,741.38,56.11,56.11,28.884849175824176,1.629104451973202,-13.89,56.0,0.0,0.0,0.0,0.0,0.0,56.0,-0.11,-14.0,0.0
15/02/2027,15/02/2027,4315,3618,complaints,3966,760,78,34,37.5,58,60,call,1,84,90,10,25,760,0.78,0.34,37.5,3966.0,3997.270384615385,3997.270384615385,3277.761715384616,3277.761715384616,3277.761715384616,3324.977053765726,60,,0.0,0.0,0.0,0.0,0.0,0.0,760.0,24.749999999999996,691.97,64.64,64.64,19.510486401098905,1.8034138480300432,4.64,48.0,0.0,0.0,0.0,0.0,0.0,48.0,-16.64,-12.0,47.21533838111014
22/02/2027,22/02/2027,16099,13761,billing,14930,350,85,27,37.5,100,110,call,1,84,80,20,18,350,0.91,0.23,37.5,14930.0,15532.942307692309,15532.942307692309,11898.233807692308,11898.233807692308,11898.233807692308,11898.233807692308,150,,0.15,-0.05,0.05,-20.0,3.0,-2.0,330.0,30.31875,1090.67,71.65,71.65,70.82282028388279,1.8125189694182913,-78.35,87.0,0.0,0.0,0.0,0.0,0.0,87.0,15.35,-63.0,0.0
22/02/2027,22/02/2027,6205,5450,retentions,5827,550,82,30,37.5,65,70,call,1,84,75,30,20,550,0.82,0.3,37.5,5827.0,5921.128461538462,5921.128461538462,4855.325338461539,4855.325338461539,4855.325338461539,4855.388521319954,70,,0.0,0.0,0.0,0.0,0.0,0.0,550.0,26.25,741.79,56.14,56.14,28.900746062271065,1.6290118644191098,-13.86,55.0,0.0,0.0,1.0,1.0,1.0,55.0,-1.14,-15.0,0.0631828584148265
22/02/2027,22/02/2027,4184,3487,complaints,3835,760,78,34,37.5,58,60,call,1,84,90,10,25,760,0.78,0.34,37.5,3835.0,3865.975,3865.975,3170.0995,3170.0995,3170.0995,3235.2410177131997,60,,0.0,0.0,0.0,0.0,0.0,0.0,760.0,24.749999999999996,669.24,62.72,62.72,18.86963988095238,1.8092808275454255,2.72,48.0,0.0,0.0,0.0,0.0,0.0,48.0,-14.72,-12.0,65.14151771319973
22/02/2027,22/02/2027,12058,9983,sales,11020,400,88,24,37.5,80,75,call,1,84,80,20,24,400,0.88,0.24,37.5,11020.0,11732.061538461538,11732.061538461538,9620.29046153846,9620.29046153846,9620.29046153846,9714.954637802217,75,,0.0,0.0,0.0,0.0,0.0,0.0,400.0,28.5,1068.92,75.45,75.45,57.2636336996337,1.770328210964501,0.45,66.0,0.0,0.0,0.0,0.0,0.0,66.0,-9.45,-9.0,94.66417626375586
01/03/2027,01/03/2027,3989,3292,complaints,3641,760,78,34,37.5,58,60,call,1,84,90,10,25,760,0.78,0.34,37.5,3641.0,3671.108269230769,3671.108269230769,3010.308780769231,3010.308780769231,3010.308780769231,3065.484822272075,60,,0.0,0.0,0.0,0.0,0.0,0.0,760.0,24.749999999999996,635.51,59.87,59.87,17.9185046474359,1.818562075936374,-0.13,47.0,0.0,0.0,1.0,1.0,1.0,47.0,-12.87,-13.0,55.17604150284376
01/03/2027,01/03/2027,17223,14884,billing,16053,350,85,27,37.5,100,110,call,1,84,80,20,18,350,0.91,0.23,37.5,16053.0,16716.72980769231,16716.72980769231,12805.01503269231,12805.01503269231,12805.01503269231,12805.01503269231,150,,0.15,-0.05,0.05,-20.0,3.0,-2.0,330.0,30.31875,1173.79,76.69,76.69,76.22032757554946,1.8025123750389624,-73.31,86.0,0.0,0.0,1.0,1.0,1.0,86.0,9.31,-64.0,0.0
01/03/2027,01/03/2027,12370,10295,sales,11333,400,88,24,37.5,80,75,call,1,84,80,20,24,400,0.88,0.24,37.5,11333.0,12082.72153846154,12082.72153846154,9907.831661538465,9907.831661538465,9907.831661538465,9972.425468715308,75,,0.0,0.0,0.0,0.0,0.0,0.0,400.0,28.5,1100.87,77.53,77.53,58.97518846153847,1.7662304737061827,2.53,66.0,0.0,0.0,0.0,0.0,0.0,66.0,-11.53,-9.0,64.59380717684515
01/03/2027,01/03/2027,6085,5330,retentions,5707,550,82,30,37.5,65,70,call,1,84,75,30,20,550,0.82,0.3,37.5,5707.0,5801.385,5801.385,4757.135700000001,4757.135700000001,4757.135700000001,4759.243182178933,70,,0.0,0.0,0.0,0.0,0.0,0.0,550.0,26.25,726.78,55.12,55.12,28.316283928571433,1.632467012317915,-14.88,55.0,0.0,0.0,0.0,0.0,0.0,55.0,-0.12,-15.0,2.107482178932072
08/03/2027,08/03/2027,4192,3495,complaints,3844,760,78,34,37.5,58,60,call,1,84,90,10,25,760,0.78,0.34,37.5,3844.0,3876.526153846154,3876.526153846154,3178.7514461538462,3178.7514461538462,3178.7514461538462,3224.5808663001785,60,,0.0,0.0,0.0,0.0,0.0,0.0,760.0,24.749999999999996,671.07,62.88,62.88,18.92113956043956,1.8087983571051445,2.88,47.0,0.0,0.0,0.0,0.0,0.0,47.0,-15.88,-13.0,45.829420146332126
08/03/2027,08/03/2027,6184,5428,retentions,5806,550,82,30,37.5,65,70,call,1,84,75,30,20,550,0.82,0.3,37.5,5806.0,5904.255384615384,5904.255384615384,4841.489415384615,4841.489415384615,4841.489415384615,4841.561931947474,70,,0.0,0.0,0.0,0.0,0.0,0.0,550.0,26.25,739.67,55.99,55.99,28.818389377289375,1.629492360211979,-14.01,55.0,0.0,0.0,0.0,0.0,0.0,55.0,-0.99,-15.0,0.072516562857915
08/03/2027,08/03/2027,12080,10005,sales,11043,400,88,24,37.5,80,75,call,1,84,80,20,24,400,0.88,0.24,37.5,11043.0,11790.526153846156,11790.526153846156,9668.231446153846,9668.231446153846,9668.231446153846,9754.020394347006,75,,0.0,0.0,0.0,0.0,0.0,0.0,400.0,28.5,1074.25,75.8,75.8,57.5489967032967,1.7696323281700697,0.8,65.0,0.0,0.0,1.0,1.0,1.0,65.0,-10.8,-10.0,85.78894819316055
08/03/2027,08/03/2027,16692,14353,billing,15522,350,85,27,37.5,100,110,call,1,84,80,20,18,350,0.91,0.23,37.5,15522.0,16178.7,16178.7,12392.8842,12392.8842,12392.8842,12392.8842,150,,0.15,-0.05,0.05,-20.0,3.0,-2.0,330.0,30.31875,1136.01,74.4,74.4,73.76716785714287,1.806924117440935,-75.6,86.0,0.0,0.0,0.0,0.0,0.0,86.0,11.6,-64.0,0.0
15/03/2027,15/03/2027,4344,3647,complaints,3996,760,78,34,37.5,58,60,call,1,84,90,10,25,760,0.78,0.34,37.5,3996.0,4030.580769230769,4030.580769230769,3305.0762307692307,3305.0762307692307,3305.0762307692307,3366.4625338561236,60,,0.0,0.0,0.0,0.0,0.0,0.0,760.0,24.749999999999996,697.74,65.13,65.13,19.6730728021978,1.801971143078932,5.13,47.0,0.0,0.0,0.0,0.0,0.0,47.0,-18.13,-13.0,61.386303086893065
15/03/2027,15/03/2027,5944,5188,retentions,5566,550,82,30,37.5,65,70,call,1,84,75,30,20,550,0.82,0.3,37.5,5566.0,5662.334615384615,5662.334615384615,4643.114384615385,4643.114384615385,4643.114384615385,4644.82189691744,70,,0.0,0.0,0.0,0.0,0.0,0.0,550.0,26.25,709.36,53.94,53.94,27.637585622710624,1.6366159930683954,-16.06,55.0,0.0,0.0,0.0,0.0,0.0,55.0,1.06,-15.0,1.707512302056103
15/03/2027,15/03/2027,12962,10887,sales,11924,400,88,24,37.5,80,75,call,1,84,80,20,24,400,0.88,0.24,37.5,11924.0,12749.507692307692,12749.507692307692,10454.596307692307,10454.596307692307,10454.596307692307,10533.283988097004,75,,0.0,0.0,0.0,0.0,0.0,0.0,400.0,28.5,1161.62,81.47,81.47,62.22973992673992,1.7589101926923747,6.47,65.0,0.0,0.0,0.0,0.0,0.0,65.0,-16.47,-10.0,78.68768040469644
15/03/2027,15/03/2027,16503,14164,billing,15334,350,85,27,37.5,100,110,call,1,84,80,20,18,350,0.91,0.23,37.5,15334.0,15997.490384615385,15997.490384615385,12254.077634615383,12254.077634615383,12254.077634615383,12254.077634615383,150,,0.15,-0.05,0.05,-20.0,3.0,-2.0,330.0,30.31875,1123.29,73.63,73.63,72.94093830128206,1.8084598742512197,-76.37,86.0,0.0,0.0,0.0,0.0,0.0,86.0,12.37,-64.0,0.0
22/03/2027,22/03/2027,4342,3645,complaints,3993,760,78,34,37.5,58,60,call,1,84,90,10,25,760,0.78,0.34,37.5,3993.0,4028.3226923076927,4028.3226923076927,3303.224607692308,3303.224607692308,3303.224607692308,3377.388093367201,60,,0.0,0.0,0.0,0.0,0.0,0.0,760.0,24.749999999999996,697.35,65.1,65.1,19.66205123626374,1.8020683768193428,5.1,47.0,0.0,0.0,0.0,0.0,0.0,47.0,-18.1,-13.0,74.16348567489281
22/03/2027,22/03/2027,6368,5613,retentions,5990,550,82,30,37.5,65,70,call,1,84,75,30,20,550,0.82,0.3,37.5,5990.0,6095.976923076923,6095.976923076923,4998.701076923077,4998.701076923077,4998.701076923077,4998.701076923077,70,,0.0,0.0,0.0,0.0,0.0,0.0,550.0,26.25,763.69,57.62,57.62,29.75417307692308,1.6241507359373333,-12.38,55.0,0.0,0.0,0.0,0.0,0.0,55.0,-2.62,-15.0,0.0
22/03/2027,22/03/2027,13237,11162,sales,12200,400,88,24,37.5,80,75,call,1,84,80,20,24,400,0.88,0.24,37.5,12200.0,13063.384615384615,13063.384615384615,10711.975384615384,10711.975384615384,10711.975384615384,10855.590078450474,75,,0.0,0.0,0.0,0.0,0.0,0.0,400.0,28.5,1190.22,83.32,83.32,63.76175824175824,1.755659967229891,8.32,65.0,0.0,0.0,0.0,0.0,0.0,65.0,-18.32,-10.0,143.61469383509072
22/03/2027,22/03/2027,16112,13774,billing,14943,350,85,27,37.5,100,110,call,1,84,80,20,18,350,0.91,0.23,37.5,14943.0,15603.940384615384,15603.940384615384,11952.618334615385,11952.618334615385,11952.618334615385,11952.618334615385,150,,0.15,-0.05,0.05,-20.0,3.0,-2.0,330.0,30.31875,1095.66,71.95,71.95,71.14653770604396,1.811886892636665,-78.05,85.0,0.0,0.0,1.0,1.0,1.0,85.0,13.05,-65.0,0.0
29/03/2027,29/03/2027,16813,14474,billing,15643,350,85,27,37.5,100,110,call,1,84,80,20,18,350,0.91,0.23,37.5,15643.0,16349.943269230773,16349.943269230773,12524.05654423077,12524.05654423077,12524.05654423077,12524.05654423077,150,,0.15,-0.05,0.05,-20.0,3.0,-2.0,330.0,30.31875,1148.04,75.13,75.13,74.54795562042125,1.805496352725961,-74.87,85.0,0.0,0.0,0.0,0.0,0.0,85.0,9.87,-65.0,0.0
29/03/2027,29/03/2027,5898,5143,retentions,5521,550,82,30,37.5,65,70,call,1,84,75,30,20,550,0.82,0.3,37.5,5521.0,5620.802692307692,5620.802692307692,4609.058207692307,4609.058207692307,4609.058207692307,4616.328309318855,70,,0.0,0.0,0.0,0.0,0.0,0.0,550.0,26.25,704.16,53.58,53.58,27.43487028388278,1.637884984030738,-16.42,54.0,0.0,0.0,1.0,1.0,1.0,54.0,0.42,-16.0,7.27010162654711
29/03/2027,29/03/2027,13553,11479,sales,12516,400,88,24,37.5,80,75,call,1,84,80,20,24,400,0.88,0.24,37.5,12516.0,13421.003076923078,13421.003076923078,11005.222523076924,11005.222523076924,11005.222523076924,11173.106406492352,75,,0.0,0.0,0.0,0.0,0.0,0.0,400.0,28.5,1222.8,85.43,85.43,65.50727692307693,1.7520966581872417,10.43,64.0,0.0,0.0,1.0,1.0,1.0,64.0,-21.43,-11.0,167.883883415429
29/03/2027,29/03/2027,4640,3943,complaints,4291,760,78,34,37.5,58,60,call,1,84,90,10,25,760,0.78,0.34,37.5,4291.0,4329.784038461538,4329.784038461538,3550.4229115384614,3550.4229115384614,3550.4229115384614,3624.6937978318983,60,,0.0,0.0,0.0,0.0,0.0,0.0,760.0,24.749999999999996,749.53,69.49,69.49,21.13346971153846,1.7897680892814227,9.49,46.0,0.0,0.0,1.0,1.0,1.0,46.0,-23.49,-14.0,74.27088629343694
05/04/2027,05/04/2027,16613,14274,billing,15444,350,85,27,37.5,100,110,call,1,84,80,20,18,350,0.91,0.23,37.5,15444.0,16156.8,16156.8,12376.108800000002,12376.108800000002,12376.108800000002,12376.108800000002,150,,0.15,-0.05,0.05,-20.0,3.0,-2.0,330.0,30.31875,1134.48,74.31,74.31,73.6673142857143,1.8071083470390297,-75.69,85.0,0.0,0.0,0.0,0.0,0.0,85.0,10.69,-65.0,0.0
05/04/2027,05/04/2027,4912,4215,complaints,4563,760,78,34,37.5,58,60,call,1,84,90,10,25,760,0.78,0.34,37.5,4563.0,4605.12,4605.12,3776.1984,3776.1984,3776.1984,3883.055563413173,60,,0.0,0.0,0.0,0.0,0.0,0.0,760.0,24.749999999999996,797.2,73.49,73.49,22.47737142857143,1.7796061138259405,13.49,46.0,0.0,0.0,0.0,0.0,0.0,46.0,-27.49,-14.0,106.85716341317207
05/04/2027,05/04/2027,12979,10904,sales,11942,400,88,24,37.5,80,75,call,1,84,80,20,24,400,0.88,0.24,37.5,11942.0,12823.870769230767,12823.870769230767,10515.57403076923,10515.57403076923,10515.57403076923,10726.137409547442,75,,0.0,0.0,0.0,0.0,0.0,0.0,400.0,28.5,1168.4,81.91,81.91,62.59270256410256,1.7581293807322127,6.91,64.0,0.0,0.0,0.0,0.0,0.0,64.0,-17.91,-11.0,210.56337877821136
05/04/2027,05/04/2027,5903,5148,retentions,5526,550,82,30,37.5,65,70,call,1,84,75,30,20,550,0.82,0.3,37.5,5526.0,5628.018461538462,5628.018461538462,4614.975138461539,4614.975138461539,4614.975138461539,4614.975138461539,70,,0.0,0.0,0.0,0.0,0.0,0.0,550.0,26.25,705.07,53.64,53.64,27.470090109890116,1.6376635013101348,-16.36,54.0,0.0,0.0,0.0,0.0,0.0,54.0,0.36,-16.0,0.0
12/04/2027,12/04/2027,17012,14673,billing,15843,350,85,27,37.5,100,110,call,1,84,80,20,18,350,0.91,0.23,37.5,15843.0,16589.44903846154,16589.44903846154,12707.517963461538,12707.517963461538,12707.517963461538,12707.517963461538,150,,0.15,-0.05,0.05,-20.0,3.0,-2.0,330.0,30.31875,1164.86,76.15,76.15,75.63998787774725,1.8035366441532703,-73.85,85.0,0.0,0.0,0.0,0.0,0.0,85.0,8.85,-65.0,0.0
12/04/2027,12/04/2027,4386,3689,complaints,4037,760,78,34,37.5,58,60,call,1,84,90,10,25,760,0.78,0.34,37.5,4037.0,4075.040961538462,4075.040961538462,3341.533588461539,3341.533588461539,3341.533588461539,3474.788922639804,60,,0.0,0.0,0.0,0.0,0.0,0.0,760.0,24.749999999999996,705.43,65.78,65.78,19.890080883699635,1.8000731607103344,5.78,46.0,0.0,0.0,0.0,0.0,0.0,46.0,-19.78,-14.0,133.25533417826554
12/04/2027,12/04/2027,13165,11091,sales,12128,400,88,24,37.5,80,75,call,1,84,80,20,24,400,0.88,0.24,37.5,12128.0,13042.264615384616,13042.264615384616,10694.656984615383,10694.656984615383,10694.656984615383,10859.159523539773,75,,0.0,0.0,0.0,0.0,0.0,0.0,400.0,28.5,1188.3,83.19,83.19,63.65867252747253,1.7558749785439631,8.19,64.0,0.0,0.0,0.0,0.0,0.0,64.0,-19.19,-11.0,164.5025389243869
12/04/2027,12/04/2027,5999,5244,retentions,5621,550,82,30,37.5,65,70,call,1,84,75,30,20,550,0.82,0.3,37.5,5621.0,5726.934230769231,5726.934230769231,4696.08606923077,4696.08606923077,4696.08606923077,4696.08606923077,70,,0.0,0.0,0.0,0.0,0.0,0.0,550.0,26.25,717.46,54.49,54.49,27.95289326923077,1.6346696808094767,-15.51,54.0,0.0,0.0,0.0,0.0,0.0,54.0,-0.49,-16.0,0.0
19/04/2027,19/04/2027,12608,10534,sales,11571,400,88,24,37.5,80,75,call,1,84,80,20,24,400,0.88,0.24,37.5,11571.0,12461.076923076922,12461.076923076922,10218.083076923076,10218.083076923076,10218.083076923076,10398.548185761552,75,,0.0,0.0,0.0,0.0,0.0,0.0,400.0,28.5,1135.34,79.76,79.76,60.82192307692307,1.7620045589276057,4.76,64.0,0.0,0.0,0.0,0.0,0.0,64.0,-15.76,-11.0,180.4651088384757
19/04/2027,19/04/2027,4260,3563,complaints,3911,760,78,34,37.5,58,60,call,1,84,90,10,25,760,0.78,0.34,37.5,3911.0,3948.605769230769,3948.605769230769,3237.8567307692306,3237.8567307692306,3237.8567307692306,3323.8012753437683,60,,0.0,0.0,0.0,0.0,0.0,0.0,760.0,24.749999999999996,683.55,63.93,63.93,19.27295673076923,1.8055542875362507,3.93,46.0,0.0,0.0,0.0,0.0,0.0,46.0,-17.93,-14.0,85.94454457453794
19/04/2027,19/04/2027,6259,5504,retentions,5882,550,82,30,37.5,65,70,call,1,84,75,30,20,550,0.82,0.3,37.5,5882.0,5995.115384615384,5995.115384615384,4915.994615384615,4915.994615384615,4915.994615384615,4916.595299593664,70,,0.0,0.0,0.0,0.0,0.0,0.0,550.0,26.25,751.05,56.77,56.77,29.261872710622708,1.6269289377607057,-13.23,54.0,0.0,0.0,0.0,0.0,0.0,54.0,-2.77,-16.0,0.6006842090493101
19/04/2027,19/04/2027,16927,14588,billing,15758,350,85,27,37.5,100,110,call,1,84,80,20,18,350,0.91,0.23,37.5,15758.0,16515.596153846156,16515.596153846156,12650.946653846157,12650.946653846157,12650.946653846157,12650.946653846157,150,,0.15,-0.05,0.05,-20.0,3.0,-2.0,330.0,30.31875,1159.67,75.83,75.83,75.30325389194141,1.8041363828516896,-74.17,84.0,0.0,0.0,1.0,1.0,1.0,84.0,8.17,-66.0,0.0
26/04/2027,26/04/2027,16616,14277,billing,15446,350,85,27,37.5,100,110,call,1,84,80,20,18,350,0.91,0.23,37.5,15446.0,16203.448076923078,16203.448076923078,12411.841226923078,12411.841226923078,12411.841226923078,12411.841226923078,150,,0.15,-0.05,0.05,-20.0,3.0,-2.0,330.0,30.31875,1137.75,74.5,74.5,73.88000730311356,1.8067163786160196,-75.5,84.0,0.0,0.0,0.0,0.0,0.0,84.0,9.5,-66.0,0.0
26/04/2027,26/04/2027,4019,3322,complaints,3671,760,78,34,37.5,58,60,call,1,84,90,10,25,760,0.78,0.34,37.5,3671.0,3707.004038461539,3707.004038461539,3039.743311538462,3039.743311538462,3039.743311538462,3113.7958050699285,60,,0.0,0.0,0.0,0.0,0.0,0.0,760.0,24.749999999999996,641.72,60.39,60.39,18.09371018772894,1.816797566578954,0.39,46.0,0.0,0.0,0.0,0.0,0.0,46.0,-14.39,-14.0,74.05249353146672
26/04/2027,26/04/2027,6217,5462,retentions,5839,550,82,30,37.5,65,70,call,1,84,75,30,20,550,0.82,0.3,37.5,5839.0,5953.534230769231,5953.534230769231,4881.89806923077,4881.89806923077,4881.89806923077,4889.846786193426,70,,0.0,0.0,0.0,0.0,0.0,0.0,550.0,26.25,745.85,56.41,56.41,29.058917078754583,1.6280947784402242,-13.59,54.0,0.0,0.0,0.0,0.0,0.0,54.0,-2.41,-16.0,7.948716962656647
26/04/2027,26/04/2027,12168,10093,sales,11130,400,88,24,37.5,80,75,call,1,84,80,20,24,400,0.88,0.24,37.5,11130.0,12003.276923076925,12003.276923076925,9842.687076923075,9842.687076923075,9842.687076923075,9979.687077650837,75,,0.0,0.0,0.0,0.0,0.0,0.0,400.0,28.5,1093.63,77.06,77.06,58.58742307692308,1.767143092499465,2.06,63.0,0.0,0.0,1.0,1.0,1.0,63.0,-14.06,-12.0,137.00000072775973
